[
    {
        "C_PDB":"1ASY",
        "C_chain_PR":" A:R",
        "Structural_class":"A",
        "Flexible_class":"R",
        "Docking_case":"UU",
        "Binding_affinity":"yes",
        "C_pro_chain":"A",
        "C_pro_seq_length":"490",
        "C_RNA_chain":"R",
        "C_RNA_seq_length":"75",
        "U_pro_PDB":"1EOV",
        "U_pro_chain":"A",
        "U_pro_seq_length":"487",
        "U_RNA_PDB":"2TRA",
        "U_RNA_chain":"A",
        "U_RNA_seq_length":"75"
    },
    {
        "C_PDB":"1B23",
        "C_chain_PR":" P:R",
        "Structural_class":"A",
        "Flexible_class":"F",
        "Docking_case":"UU",
        "Binding_affinity":"no",
        "C_pro_chain":"P",
        "C_pro_seq_length":"405",
        "C_RNA_chain":"R",
        "C_RNA_seq_length":"74",
        "U_pro_PDB":"1TUI",
        "U_pro_chain":"A",
        "U_pro_seq_length":"405",
        "U_RNA_PDB":"1U0B*",
        "U_RNA_chain":"A",
        "U_RNA_seq_length":"74"
    },
    {
        "C_PDB":"1C0A",
        "C_chain_PR":" A:B",
        "Structural_class":"A",
        "Flexible_class":"S",
        "Docking_case":"UU",
        "Binding_affinity":"no",
        "C_pro_chain":"A",
        "C_pro_seq_length":"585",
        "C_RNA_chain":"B",
        "C_RNA_seq_length":"77",
        "U_pro_PDB":"1EQR",
        "U_pro_chain":"A",
        "U_pro_seq_length":"590",
        "U_RNA_PDB":"1EFW*",
        "U_RNA_chain":"C",
        "U_RNA_seq_length":"73"
    },
    {
        "C_PDB":"1QTQ",
        "C_chain_PR":" A:B",
        "Structural_class":"A",
        "Flexible_class":"S",
        "Docking_case":"UU",
        "Binding_affinity":"yes",
        "C_pro_chain":"A",
        "C_pro_seq_length":"553",
        "C_RNA_chain":"B",
        "C_RNA_seq_length":"75",
        "U_pro_PDB":"1NYL",
        "U_pro_chain":"A",
        "U_pro_seq_length":"539",
        "U_RNA_PDB":"3KNH*",
        "U_RNA_chain":"Y",
        "U_RNA_seq_length":"75"
    },
    {
        "C_PDB":"2BTE",
        "C_chain_PR":" A:B",
        "Structural_class":"A",
        "Flexible_class":"R",
        "Docking_case":"UU",
        "Binding_affinity":"no",
        "C_pro_chain":"A",
        "C_pro_seq_length":"878",
        "C_RNA_chain":"B",
        "C_RNA_seq_length":"83",
        "U_pro_PDB":"1OBC",
        "U_pro_chain":"A",
        "U_pro_seq_length":"878",
        "U_RNA_PDB":"2NQP*",
        "U_RNA_chain":"F",
        "U_RNA_seq_length":"87"
    },
    {
        "C_PDB":"2DRB",
        "C_chain_PR":" A:B",
        "Structural_class":"A",
        "Flexible_class":"S",
        "Docking_case":"UU",
        "Binding_affinity":"yes",
        "C_pro_chain":"A",
        "C_pro_seq_length":"437",
        "C_RNA_chain":"B",
        "C_RNA_seq_length":"35",
        "U_pro_PDB":"1UET",
        "U_pro_chain":"A",
        "U_pro_seq_length":"437",
        "U_RNA_PDB":"3Q1Q*",
        "U_RNA_chain":"C",
        "U_RNA_seq_length":"86"
    },
    {
        "C_PDB":"2FMT",
        "C_chain_PR":" A:C",
        "Structural_class":"A",
        "Flexible_class":"R",
        "Docking_case":"UU",
        "Binding_affinity":"yes",
        "C_pro_chain":"A",
        "C_pro_seq_length":"314",
        "C_RNA_chain":"C",
        "C_RNA_seq_length":"77",
        "U_pro_PDB":"1FMT",
        "U_pro_chain":"A",
        "U_pro_seq_length":"314",
        "U_RNA_PDB":"3CW6",
        "U_RNA_chain":"A",
        "U_RNA_seq_length":"77"
    },
    {
        "C_PDB":"2ZZM",
        "C_chain_PR":" A:B",
        "Structural_class":"A",
        "Flexible_class":"F",
        "Docking_case":"UU",
        "Binding_affinity":"no",
        "C_pro_chain":"A",
        "C_pro_seq_length":"336",
        "C_RNA_chain":"B",
        "C_RNA_seq_length":"88",
        "U_pro_PDB":"2YX1",
        "U_pro_chain":"A",
        "U_pro_seq_length":"336",
        "U_RNA_PDB":"1WZ2*",
        "U_RNA_chain":"C",
        "U_RNA_seq_length":"88"
    },
    {
        "C_PDB":"3HL2",
        "C_chain_PR":"  AA'BB':E",
        "Structural_class":"A",
        "Flexible_class":"R",
        "Docking_case":"UU",
        "Binding_affinity":"yes",
        "C_pro_chain":"AB",
        "C_pro_seq_length":"501+501",
        "C_RNA_chain":"E",
        "C_RNA_seq_length":"90",
        "U_pro_PDB":"3BC8",
        "U_pro_chain":"AA'A''A'''",
        "U_pro_seq_length":"450",
        "U_RNA_PDB":"3RG5",
        "U_RNA_chain":"A",
        "U_RNA_seq_length":"86"
    },
    {
        "C_PDB":"3VJR",
        "C_chain_PR":" A:B",
        "Structural_class":"A",
        "Flexible_class":"R",
        "Docking_case":"UU",
        "Binding_affinity":"no",
        "C_pro_chain":"A",
        "C_pro_seq_length":"197",
        "C_RNA_chain":"B",
        "C_RNA_seq_length":"36",
        "U_pro_PDB":"2PTH",
        "U_pro_chain":"A",
        "U_pro_seq_length":"193",
        "U_RNA_PDB":"1NJM*",
        "U_RNA_chain":"5",
        "U_RNA_seq_length":"35"
    },
    {
        "C_PDB":"5X6B",
        "C_chain_PR":"  IJEF:P",
        "Structural_class":"A",
        "Flexible_class":"R",
        "Docking_case":"UU",
        "Binding_affinity":"yes",
        "C_pro_chain":"  IJEF",
        "C_pro_seq_length":"417+417+216+216",
        "C_RNA_chain":"P",
        "C_RNA_seq_length":"75",
        "U_pro_PDB":"3WKR",
        "U_pro_chain":"ABCD",
        "U_pro_seq_length":"416+416+216+216",
        "U_RNA_PDB":"2ZZN",
        "U_RNA_chain":"C",
        "U_RNA_seq_length":"75"
    },
    {
        "C_PDB":"6LVR",
        "C_chain_PR":" C:D",
        "Structural_class":"A",
        "Flexible_class":"F",
        "Docking_case":"UU",
        "Binding_affinity":"yes",
        "C_pro_chain":"C",
        "C_pro_seq_length":"208",
        "C_RNA_chain":"D",
        "C_RNA_seq_length":"76",
        "U_pro_PDB":"4G24",
        "U_pro_chain":"A",
        "U_pro_seq_length":"501",
        "U_RNA_PDB":"1I9V",
        "U_RNA_chain":"A",
        "U_RNA_seq_length":"76"
    },
    {
        "C_PDB":"7YSE",
        "C_chain_PR":"  AC:E",
        "Structural_class":"A",
        "Flexible_class":"F",
        "Docking_case":"UU",
        "Binding_affinity":"no",
        "C_pro_chain":"AC",
        "C_pro_seq_length":"303+697",
        "C_RNA_chain":"E",
        "C_RNA_seq_length":"76",
        "U_pro_PDB":"7EIV",
        "U_pro_chain":"AC",
        "U_pro_seq_length":"303+583",
        "U_RNA_PDB":"7F36*",
        "U_RNA_chain":"E",
        "U_RNA_seq_length":"76"
    },
    {
        "C_PDB":"1DFU",
        "C_chain_PR":"  P:MN",
        "Structural_class":"B",
        "Flexible_class":"F",
        "Docking_case":"UU",
        "Binding_affinity":"yes",
        "C_pro_chain":"P",
        "C_pro_seq_length":"94",
        "C_RNA_chain":"MN",
        "C_RNA_seq_length":"19+19",
        "U_pro_PDB":"1B75",
        "U_pro_chain":"A",
        "U_pro_seq_length":"94",
        "U_RNA_PDB":"364D",
        "U_RNA_chain":"CB",
        "U_RNA_seq_length":"19+31"
    },
    {
        "C_PDB":"1FEU",
        "C_chain_PR":"  A:BC",
        "Structural_class":"B",
        "Flexible_class":"S",
        "Docking_case":"UU",
        "Binding_affinity":"no",
        "C_pro_chain":"A",
        "C_pro_seq_length":"206",
        "C_RNA_chain":"BC",
        "C_RNA_seq_length":"19+21",
        "U_pro_PDB":"2J01",
        "U_pro_chain":"Z",
        "U_pro_seq_length":"206",
        "U_RNA_PDB":"364D*",
        "U_RNA_chain":"BC",
        "U_RNA_seq_length":"31+19"
    },
    {
        "C_PDB":"1MMS",
        "C_chain_PR":" A:C",
        "Structural_class":"B",
        "Flexible_class":"F",
        "Docking_case":"UU",
        "Binding_affinity":"yes",
        "C_pro_chain":"A",
        "C_pro_seq_length":"140",
        "C_RNA_chain":"C",
        "C_RNA_seq_length":"58",
        "U_pro_PDB":"2K3F",
        "U_pro_chain":"A",
        "U_pro_seq_length":"141",
        "U_RNA_PDB":"3I9C*",
        "U_RNA_chain":"A (1080-1129)",
        "U_RNA_seq_length":"1517"
    },
    {
        "C_PDB":"3IEV",
        "C_chain_PR":" A:D",
        "Structural_class":"B",
        "Flexible_class":"R",
        "Docking_case":"UU",
        "Binding_affinity":"yes",
        "C_pro_chain":"A",
        "C_pro_seq_length":"308",
        "C_RNA_chain":"D",
        "C_RNA_seq_length":"12",
        "U_pro_PDB":"7C1O",
        "U_pro_chain":"A",
        "U_pro_seq_length":"308",
        "U_RNA_PDB":"1SDR",
        "U_RNA_chain":"BC",
        "U_RNA_seq_length":"12+12"
    },
    {
        "C_PDB":"1OOA",
        "C_chain_PR":" A:C",
        "Structural_class":"C",
        "Flexible_class":"F",
        "Docking_case":"UU",
        "Binding_affinity":"yes",
        "C_pro_chain":"A",
        "C_pro_seq_length":"326",
        "C_RNA_chain":"C",
        "C_RNA_seq_length":"29",
        "U_pro_PDB":"1LE5",
        "U_pro_chain":"B",
        "U_pro_seq_length":"313",
        "U_RNA_PDB":"2JWV*",
        "U_RNA_chain":"A",
        "U_RNA_seq_length":"29"
    },
    {
        "C_PDB":"1R3E",
        "C_chain_PR":" A:C",
        "Structural_class":"C",
        "Flexible_class":"F",
        "Docking_case":"UU",
        "Binding_affinity":"no",
        "C_pro_chain":"A",
        "C_pro_seq_length":"309",
        "C_RNA_chain":"C",
        "C_RNA_seq_length":"17",
        "U_pro_PDB":"1ZE1",
        "U_pro_chain":"A",
        "U_pro_seq_length":"309",
        "U_RNA_PDB":"1EHZ",
        "U_RNA_chain":"A (49-65)",
        "U_RNA_seq_length":"76"
    },
    {
        "C_PDB":"2R8S",
        "C_chain_PR":"  LH:R",
        "Structural_class":"C",
        "Flexible_class":"S",
        "Docking_case":"UU",
        "Binding_affinity":"yes",
        "C_pro_chain":"LH",
        "C_pro_seq_length":"214+214",
        "C_RNA_chain":"R",
        "C_RNA_seq_length":"159",
        "U_pro_PDB":"2HFF",
        "U_pro_chain":"AB",
        "U_pro_seq_length":"214+232",
        "U_RNA_PDB":"1HR2",
        "U_RNA_chain":"A",
        "U_RNA_seq_length":"158"
    },
    {
        "C_PDB":"3SNP",
        "C_chain_PR":" A:C",
        "Structural_class":"C",
        "Flexible_class":"F",
        "Docking_case":"UU",
        "Binding_affinity":"yes",
        "C_pro_chain":"A",
        "C_pro_seq_length":"908",
        "C_RNA_chain":"C",
        "C_RNA_seq_length":"30",
        "U_pro_PDB":"2B3Y",
        "U_pro_chain":"A",
        "U_pro_seq_length":"888",
        "U_RNA_PDB":"1AQO*",
        "U_RNA_chain":"A",
        "U_RNA_seq_length":"29"
    },
    {
        "C_PDB":"2OZB",
        "C_chain_PR":"  AB:C",
        "Structural_class":"C",
        "Flexible_class":"S",
        "Docking_case":"UU",
        "Binding_affinity":"yes",
        "C_pro_chain":"AB",
        "C_pro_seq_length":"130+260",
        "C_RNA_chain":"C",
        "C_RNA_seq_length":"33",
        "U_pro_PDB":"2JNB",
        "U_pro_chain":"A",
        "U_pro_seq_length":"144",
        "U_RNA_PDB":"2XEB",
        "U_RNA_chain":"A",
        "U_RNA_seq_length":"19"
    },
    {
        "C_PDB":"7P0V",
        "C_chain_PR":" A:B",
        "Structural_class":"C",
        "Flexible_class":"S",
        "Docking_case":"UU",
        "Binding_affinity":"yes",
        "C_pro_chain":"A",
        "C_pro_seq_length":"93",
        "C_RNA_chain":"B",
        "C_RNA_seq_length":"24",
        "U_pro_PDB":"7P08",
        "U_pro_chain":"A",
        "U_pro_seq_length":"93",
        "U_RNA_PDB":"8ID2*",
        "U_RNA_chain":"C",
        "U_RNA_seq_length":"24"
    },
    {
        "C_PDB":"1JBS",
        "C_chain_PR":" A:C",
        "Structural_class":"D",
        "Flexible_class":"R",
        "Docking_case":"UU",
        "Binding_affinity":"yes",
        "C_pro_chain":"A",
        "C_pro_seq_length":"149",
        "C_RNA_chain":"C",
        "C_RNA_seq_length":"29",
        "U_pro_PDB":"1AQZ",
        "U_pro_chain":"A",
        "U_pro_seq_length":"149",
        "U_RNA_PDB":"1Q9A",
        "U_RNA_chain":"A",
        "U_RNA_seq_length":"27"
    },
    {
        "C_PDB":"1WSU",
        "C_chain_PR":" A:E",
        "Structural_class":"D",
        "Flexible_class":"R",
        "Docking_case":"UU",
        "Binding_affinity":"yes",
        "C_pro_chain":"A",
        "C_pro_seq_length":"124",
        "C_RNA_chain":"E",
        "C_RNA_seq_length":"23",
        "U_pro_PDB":"1LVA",
        "U_pro_chain":"A",
        "U_pro_seq_length":"258",
        "U_RNA_PDB":"2RLU",
        "U_RNA_chain":"A",
        "U_RNA_seq_length":"19"
    },
    {
        "C_PDB":"1ZBH",
        "C_chain_PR":"  AD:E",
        "Structural_class":"D",
        "Flexible_class":"R",
        "Docking_case":"UU",
        "Binding_affinity":"no",
        "C_pro_chain":"AD",
        "C_pro_seq_length":"299",
        "C_RNA_chain":"E",
        "C_RNA_seq_length":"20",
        "U_pro_PDB":"1ZBU",
        "U_pro_chain":"AD",
        "U_pro_seq_length":"349+349",
        "U_RNA_PDB":"1JU7",
        "U_RNA_chain":"A",
        "U_RNA_seq_length":"28"
    },
    {
        "C_PDB":"2BH2",
        "C_chain_PR":" A:C",
        "Structural_class":"D",
        "Flexible_class":"R",
        "Docking_case":"UU",
        "Binding_affinity":"no",
        "C_pro_chain":"A",
        "C_pro_seq_length":"433",
        "C_RNA_chain":"C",
        "C_RNA_seq_length":"37",
        "U_pro_PDB":"1UWV",
        "U_pro_chain":"A",
        "U_pro_seq_length":"433",
        "U_RNA_PDB":"1JZX*",
        "U_RNA_chain":"A  (1915-1951)",
        "U_RNA_seq_length":"2880"
    },
    {
        "C_PDB":"1F7U",
        "C_chain_PR":" A:B",
        "Structural_class":"A",
        "Flexible_class":"S",
        "Docking_case":"UB",
        "Binding_affinity":"no",
        "C_pro_chain":"A",
        "C_pro_seq_length":"607",
        "C_RNA_chain":"B",
        "C_RNA_seq_length":"76",
        "U_pro_PDB":"1BS2",
        "U_pro_chain":"A",
        "U_pro_seq_length":"607",
        "U_RNA_PDB":null,
        "U_RNA_chain":null,
        "U_RNA_seq_length":null
    },
    {
        "C_PDB":"1H3E",
        "C_chain_PR":"  AA':B",
        "Structural_class":"A",
        "Flexible_class":"F",
        "Docking_case":"UB",
        "Binding_affinity":"no",
        "C_pro_chain":"A",
        "C_pro_seq_length":"432",
        "C_RNA_chain":"B",
        "C_RNA_seq_length":"86",
        "U_pro_PDB":"1H3F",
        "U_pro_chain":"AB",
        "U_pro_seq_length":"432+432",
        "U_RNA_PDB":null,
        "U_RNA_chain":null,
        "U_RNA_seq_length":null
    },
    {
        "C_PDB":"1H4S",
        "C_chain_PR":"  AB:T",
        "Structural_class":"A",
        "Flexible_class":"R",
        "Docking_case":"UB",
        "Binding_affinity":"no",
        "C_pro_chain":"AB",
        "C_pro_seq_length":"477+477",
        "C_RNA_chain":"T",
        "C_RNA_seq_length":"77",
        "U_pro_PDB":"1HC7",
        "U_pro_chain":"AB",
        "U_pro_seq_length":"477+477",
        "U_RNA_PDB":null,
        "U_RNA_chain":null,
        "U_RNA_seq_length":null
    },
    {
        "C_PDB":"1J1U",
        "C_chain_PR":"  AA':B",
        "Structural_class":"A",
        "Flexible_class":"R",
        "Docking_case":"UB",
        "Binding_affinity":"no",
        "C_pro_chain":"A",
        "C_pro_seq_length":"306",
        "C_RNA_chain":"B",
        "C_RNA_seq_length":"77",
        "U_pro_PDB":"1U7D",
        "U_pro_chain":"AB",
        "U_pro_seq_length":"306+306",
        "U_RNA_PDB":null,
        "U_RNA_chain":null,
        "U_RNA_seq_length":null
    },
    {
        "C_PDB":"1N78",
        "C_chain_PR":" A:C",
        "Structural_class":"A",
        "Flexible_class":"R",
        "Docking_case":"UB",
        "Binding_affinity":"no",
        "C_pro_chain":"A",
        "C_pro_seq_length":"468",
        "C_RNA_chain":"C",
        "C_RNA_seq_length":"75",
        "U_pro_PDB":"1J09",
        "U_pro_chain":"A",
        "U_pro_seq_length":"468",
        "U_RNA_PDB":null,
        "U_RNA_chain":null,
        "U_RNA_seq_length":null
    },
    {
        "C_PDB":"1QF6",
        "C_chain_PR":" A:B",
        "Structural_class":"A",
        "Flexible_class":"R",
        "Docking_case":"UB",
        "Binding_affinity":"no",
        "C_pro_chain":"A",
        "C_pro_seq_length":"642",
        "C_RNA_chain":"B",
        "C_RNA_seq_length":"76",
        "U_pro_PDB":"1EVL",
        "U_pro_chain":"A",
        "U_pro_seq_length":"401",
        "U_RNA_PDB":null,
        "U_RNA_chain":null,
        "U_RNA_seq_length":null
    },
    {
        "C_PDB":"1SER",
        "C_chain_PR":"  AB:T",
        "Structural_class":"A",
        "Flexible_class":"S",
        "Docking_case":"UB",
        "Binding_affinity":"no",
        "C_pro_chain":"AB",
        "C_pro_seq_length":"421+421",
        "C_RNA_chain":"T",
        "C_RNA_seq_length":"94",
        "U_pro_PDB":"1SES",
        "U_pro_chain":"AB",
        "U_pro_seq_length":"421+421",
        "U_RNA_PDB":null,
        "U_RNA_chain":null,
        "U_RNA_seq_length":null
    },
    {
        "C_PDB":"1U0B",
        "C_chain_PR":" B:A",
        "Structural_class":"A",
        "Flexible_class":"R",
        "Docking_case":"UB",
        "Binding_affinity":"yes",
        "C_pro_chain":"B",
        "C_pro_seq_length":"461",
        "C_RNA_chain":"A",
        "C_RNA_seq_length":"74",
        "U_pro_PDB":"1LI5",
        "U_pro_chain":"B",
        "U_pro_seq_length":"461",
        "U_RNA_PDB":null,
        "U_RNA_chain":null,
        "U_RNA_seq_length":null
    },
    {
        "C_PDB":"1VFG",
        "C_chain_PR":" B:D",
        "Structural_class":"A",
        "Flexible_class":"R",
        "Docking_case":"UB",
        "Binding_affinity":"no",
        "C_pro_chain":"B",
        "C_pro_seq_length":"390",
        "C_RNA_chain":"D",
        "C_RNA_seq_length":"75",
        "U_pro_PDB":"4WBY",
        "U_pro_chain":"A",
        "U_pro_seq_length":"410",
        "U_RNA_PDB":null,
        "U_RNA_chain":null,
        "U_RNA_seq_length":null
    },
    {
        "C_PDB":"2AZX",
        "C_chain_PR":"  AA':C",
        "Structural_class":"A",
        "Flexible_class":"R",
        "Docking_case":"UB",
        "Binding_affinity":"no",
        "C_pro_chain":"A",
        "C_pro_seq_length":"477",
        "C_RNA_chain":"C",
        "C_RNA_seq_length":"75",
        "U_pro_PDB":"1R6U",
        "U_pro_chain":"AB",
        "U_pro_seq_length":"437+437",
        "U_RNA_PDB":null,
        "U_RNA_chain":null,
        "U_RNA_seq_length":null
    },
    {
        "C_PDB":"2FK6",
        "C_chain_PR":" A:R",
        "Structural_class":"A",
        "Flexible_class":"R",
        "Docking_case":"UB",
        "Binding_affinity":"no",
        "C_pro_chain":"A",
        "C_pro_seq_length":"320",
        "C_RNA_chain":"R",
        "C_RNA_seq_length":"79",
        "U_pro_PDB":"1Y44",
        "U_pro_chain":"A",
        "U_pro_seq_length":"320",
        "U_RNA_PDB":null,
        "U_RNA_chain":null,
        "U_RNA_seq_length":null
    },
    {
        "C_PDB":"3ADB",
        "C_chain_PR":" A:C",
        "Structural_class":"A",
        "Flexible_class":"F",
        "Docking_case":"UB",
        "Binding_affinity":"yes",
        "C_pro_chain":"A",
        "C_pro_seq_length":"259",
        "C_RNA_chain":"C",
        "C_RNA_seq_length":"92",
        "U_pro_PDB":"3A4M",
        "U_pro_chain":"A",
        "U_pro_seq_length":"260",
        "U_RNA_PDB":null,
        "U_RNA_chain":null,
        "U_RNA_seq_length":null
    },
    {
        "C_PDB":"3AMT",
        "C_chain_PR":" A:B",
        "Structural_class":"A",
        "Flexible_class":"R",
        "Docking_case":"UB",
        "Binding_affinity":"no",
        "C_pro_chain":"A",
        "C_pro_seq_length":"440",
        "C_RNA_chain":"B",
        "C_RNA_seq_length":"78",
        "U_pro_PDB":"3AU7",
        "U_pro_chain":"A",
        "U_pro_seq_length":"402",
        "U_RNA_PDB":null,
        "U_RNA_chain":null,
        "U_RNA_seq_length":null
    },
    {
        "C_PDB":"4YCP",
        "C_chain_PR":" A:B",
        "Structural_class":"A",
        "Flexible_class":"F",
        "Docking_case":"UB",
        "Binding_affinity":"no",
        "C_pro_chain":"A",
        "C_pro_seq_length":"321",
        "C_RNA_chain":"B",
        "C_RNA_seq_length":"76",
        "U_pro_PDB":"4BFA",
        "U_pro_chain":"A",
        "U_pro_seq_length":"338",
        "U_RNA_PDB":null,
        "U_RNA_chain":null,
        "U_RNA_seq_length":null
    },
    {
        "C_PDB":"4YVJ",
        "C_chain_PR":"  AB:C",
        "Structural_class":"A",
        "Flexible_class":"R",
        "Docking_case":"UB",
        "Binding_affinity":"yes",
        "C_pro_chain":"AB",
        "C_pro_seq_length":"266+266",
        "C_RNA_chain":"C",
        "C_RNA_seq_length":"74",
        "U_pro_PDB":"3AXZ",
        "U_pro_chain":"AA'",
        "U_pro_seq_length":"266",
        "U_RNA_PDB":null,
        "U_RNA_chain":null,
        "U_RNA_seq_length":null
    },
    {
        "C_PDB":"5HR7",
        "C_chain_PR":" A:D",
        "Structural_class":"A",
        "Flexible_class":"R",
        "Docking_case":"UB",
        "Binding_affinity":"no",
        "C_pro_chain":"A",
        "C_pro_seq_length":"404",
        "C_RNA_chain":"D",
        "C_RNA_seq_length":"76",
        "U_pro_PDB":"3RFA",
        "U_pro_chain":"A",
        "U_pro_seq_length":"404",
        "U_RNA_PDB":null,
        "U_RNA_chain":null,
        "U_RNA_seq_length":null
    },
    {
        "C_PDB":"5B63",
        "C_chain_PR":" A:B",
        "Structural_class":"A",
        "Flexible_class":"S",
        "Docking_case":"UB",
        "Binding_affinity":"yes",
        "C_pro_chain":"A",
        "C_pro_seq_length":"587",
        "C_RNA_chain":"B",
        "C_RNA_seq_length":"77",
        "U_pro_PDB":"5YYM",
        "U_pro_chain":"A",
        "U_pro_seq_length":"586",
        "U_RNA_PDB":null,
        "U_RNA_chain":null,
        "U_RNA_seq_length":null
    },
    {
        "C_PDB":"5T8Y",
        "C_chain_PR":" B:X",
        "Structural_class":"A",
        "Flexible_class":"R",
        "Docking_case":"UB",
        "Binding_affinity":"no",
        "C_pro_chain":"B",
        "C_pro_seq_length":"437",
        "C_RNA_chain":"X",
        "C_RNA_seq_length":"17",
        "U_pro_PDB":"5D08",
        "U_pro_chain":"A",
        "U_pro_seq_length":"437",
        "U_RNA_PDB":null,
        "U_RNA_chain":null,
        "U_RNA_seq_length":null
    },
    {
        "C_PDB":"5WT1",
        "C_chain_PR":" A:C",
        "Structural_class":"A",
        "Flexible_class":"F",
        "Docking_case":"UB",
        "Binding_affinity":"no",
        "C_pro_chain":"A",
        "C_pro_seq_length":"333",
        "C_RNA_chain":"C",
        "C_RNA_seq_length":"76",
        "U_pro_PDB":"5HJI",
        "U_pro_chain":"A",
        "U_pro_seq_length":"352",
        "U_RNA_PDB":null,
        "U_RNA_chain":null,
        "U_RNA_seq_length":null
    },
    {
        "C_PDB":"5ZW4",
        "C_chain_PR":" A:D",
        "Structural_class":"A",
        "Flexible_class":"R",
        "Docking_case":"UB",
        "Binding_affinity":"no",
        "C_pro_chain":"A",
        "C_pro_seq_length":"225",
        "C_RNA_chain":"D",
        "C_RNA_seq_length":"17",
        "U_pro_PDB":"5ZW3",
        "U_pro_chain":"A",
        "U_pro_seq_length":"225",
        "U_RNA_PDB":null,
        "U_RNA_chain":null,
        "U_RNA_seq_length":null
    },
    {
        "C_PDB":"7E8O",
        "C_chain_PR":"  AB:X",
        "Structural_class":"A",
        "Flexible_class":"R",
        "Docking_case":"UB",
        "Binding_affinity":"yes",
        "C_pro_chain":"AB",
        "C_pro_seq_length":"208+208",
        "C_RNA_chain":"X",
        "C_RNA_seq_length":"85",
        "U_pro_PDB":"7E8K",
        "U_pro_chain":"AB",
        "U_pro_seq_length":"208+208",
        "U_RNA_PDB":null,
        "U_RNA_chain":null,
        "U_RNA_seq_length":null
    },
    {
        "C_PDB":"7K98",
        "C_chain_PR":"  ABDE:CF",
        "Structural_class":"A",
        "Flexible_class":"F",
        "Docking_case":"UB",
        "Binding_affinity":"no",
        "C_pro_chain":" ABDE",
        "C_pro_seq_length":"344+840+344+840",
        "C_RNA_chain":"C",
        "C_RNA_seq_length":"77",
        "U_pro_PDB":"7DAW",
        "U_pro_chain":"AA'BB'",
        "U_pro_seq_length":"341+845",
        "U_RNA_PDB":null,
        "U_RNA_chain":null,
        "U_RNA_seq_length":null
    },
    {
        "C_PDB":"7MJW",
        "C_chain_PR":" A:M",
        "Structural_class":"A",
        "Flexible_class":"S",
        "Docking_case":"UB",
        "Binding_affinity":"no",
        "C_pro_chain":"A",
        "C_pro_seq_length":"457",
        "C_RNA_chain":"M",
        "C_RNA_seq_length":"13",
        "U_pro_PDB":"7MJZ",
        "U_pro_chain":"A",
        "U_pro_seq_length":"457",
        "U_RNA_PDB":null,
        "U_RNA_chain":null,
        "U_RNA_seq_length":null
    },
    {
        "C_PDB":"8H1B",
        "C_chain_PR":" A:C",
        "Structural_class":"A",
        "Flexible_class":"S",
        "Docking_case":"UB",
        "Binding_affinity":"no",
        "C_pro_chain":"A",
        "C_pro_seq_length":"195",
        "C_RNA_chain":"C",
        "C_RNA_seq_length":"17",
        "U_pro_PDB":"8H1A",
        "U_pro_chain":"A",
        "U_pro_seq_length":"195",
        "U_RNA_PDB":null,
        "U_RNA_chain":null,
        "U_RNA_seq_length":null
    },
    {
        "C_PDB":"8JOZ",
        "C_chain_PR":" A:B",
        "Structural_class":"A",
        "Flexible_class":"R",
        "Docking_case":"UB",
        "Binding_affinity":"no",
        "C_pro_chain":"A",
        "C_pro_seq_length":"282",
        "C_RNA_chain":"B",
        "C_RNA_seq_length":"88",
        "U_pro_PDB":"4HTF",
        "U_pro_chain":"A",
        "U_pro_seq_length":"285",
        "U_RNA_PDB":null,
        "U_RNA_chain":null,
        "U_RNA_seq_length":null
    },
    {
        "C_PDB":"1G1X",
        "C_chain_PR":"  ABC:DE",
        "Structural_class":"B",
        "Flexible_class":"R",
        "Docking_case":"UB",
        "Binding_affinity":"no",
        "C_pro_chain":"ABC",
        "C_pro_seq_length":"98+88+88",
        "C_RNA_chain":"DE",
        "C_RNA_seq_length":"41+44",
        "U_pro_PDB":"1CQM",
        "U_pro_chain":"A",
        "U_pro_seq_length":"101",
        "U_RNA_PDB":null,
        "U_RNA_chain":null,
        "U_RNA_seq_length":null
    },
    {
        "C_PDB":"1SDS",
        "C_chain_PR":"  C:FF'",
        "Structural_class":"B",
        "Flexible_class":"R",
        "Docking_case":"UB",
        "Binding_affinity":"yes",
        "C_pro_chain":"C",
        "C_pro_seq_length":"117",
        "C_RNA_chain":"F",
        "C_RNA_seq_length":"15",
        "U_pro_PDB":"1XBI",
        "U_pro_chain":"A",
        "U_pro_seq_length":"120",
        "U_RNA_PDB":null,
        "U_RNA_chain":null,
        "U_RNA_seq_length":null
    },
    {
        "C_PDB":"2HW8",
        "C_chain_PR":" A:B",
        "Structural_class":"B",
        "Flexible_class":"F",
        "Docking_case":"UB",
        "Binding_affinity":"no",
        "C_pro_chain":"A",
        "C_pro_seq_length":"228",
        "C_RNA_chain":"B",
        "C_RNA_seq_length":"36",
        "U_pro_PDB":"1AD2",
        "U_pro_chain":"A",
        "U_pro_seq_length":"228",
        "U_RNA_PDB":null,
        "U_RNA_chain":null,
        "U_RNA_seq_length":null
    },
    {
        "C_PDB":"5WTY",
        "C_chain_PR":" A:C",
        "Structural_class":"B",
        "Flexible_class":"S",
        "Docking_case":"UB",
        "Binding_affinity":"yes",
        "C_pro_chain":"A",
        "C_pro_seq_length":"587",
        "C_RNA_chain":"C",
        "C_RNA_seq_length":"18",
        "U_pro_PDB":"5SVD",
        "U_pro_chain":"B",
        "U_pro_seq_length":"600",
        "U_RNA_PDB":null,
        "U_RNA_chain":null,
        "U_RNA_seq_length":null
    },
    {
        "C_PDB":"1MSW",
        "C_chain_PR":" D:R",
        "Structural_class":"C",
        "Flexible_class":"F",
        "Docking_case":"UB",
        "Binding_affinity":"no",
        "C_pro_chain":"D",
        "C_pro_seq_length":"883",
        "C_RNA_chain":"R",
        "C_RNA_seq_length":"10",
        "U_pro_PDB":"1ARO",
        "U_pro_chain":"P",
        "U_pro_seq_length":"883",
        "U_RNA_PDB":null,
        "U_RNA_chain":null,
        "U_RNA_seq_length":null
    },
    {
        "C_PDB":"1N35",
        "C_chain_PR":"  A:BC",
        "Structural_class":"C",
        "Flexible_class":"R",
        "Docking_case":"UB",
        "Binding_affinity":"no",
        "C_pro_chain":"A",
        "C_pro_seq_length":"1267",
        "C_RNA_chain":"BC",
        "C_RNA_seq_length":"5+10",
        "U_pro_PDB":"1MUK",
        "U_pro_chain":"A",
        "U_pro_seq_length":"1267",
        "U_RNA_PDB":null,
        "U_RNA_chain":null,
        "U_RNA_seq_length":null
    },
    {
        "C_PDB":"1Q2R",
        "C_chain_PR":"  AB:E",
        "Structural_class":"C",
        "Flexible_class":"S",
        "Docking_case":"UB",
        "Binding_affinity":"no",
        "C_pro_chain":"AB",
        "C_pro_seq_length":"386+386",
        "C_RNA_chain":"E",
        "C_RNA_seq_length":"20",
        "U_pro_PDB":"1R5Y",
        "U_pro_chain":"AA'",
        "U_pro_seq_length":"386",
        "U_RNA_PDB":null,
        "U_RNA_chain":null,
        "U_RNA_seq_length":null
    },
    {
        "C_PDB":"1WNE",
        "C_chain_PR":"  A:BC",
        "Structural_class":"C",
        "Flexible_class":"R",
        "Docking_case":"UB",
        "Binding_affinity":"no",
        "C_pro_chain":"A",
        "C_pro_seq_length":"476",
        "C_RNA_chain":"BC",
        "C_RNA_seq_length":"8+5",
        "U_pro_PDB":"1U09",
        "U_pro_chain":"A",
        "U_pro_seq_length":"476",
        "U_RNA_PDB":null,
        "U_RNA_chain":null,
        "U_RNA_seq_length":null
    },
    {
        "C_PDB":"1YVP",
        "C_chain_PR":"  B:EFH",
        "Structural_class":"C",
        "Flexible_class":"R",
        "Docking_case":"UB",
        "Binding_affinity":"yes",
        "C_pro_chain":"B",
        "C_pro_seq_length":"538",
        "C_RNA_chain":"EFH",
        "C_RNA_seq_length":"10+10+10",
        "U_pro_PDB":"1YVR",
        "U_pro_chain":"A",
        "U_pro_seq_length":"538",
        "U_RNA_PDB":null,
        "U_RNA_chain":null,
        "U_RNA_seq_length":null
    },
    {
        "C_PDB":"1ZBI",
        "C_chain_PR":"  A:CD",
        "Structural_class":"C",
        "Flexible_class":"R",
        "Docking_case":"UB",
        "Binding_affinity":"no",
        "C_pro_chain":"A",
        "C_pro_seq_length":"142",
        "C_RNA_chain":"CD",
        "C_RNA_seq_length":"12+12",
        "U_pro_PDB":"1ZBF",
        "U_pro_chain":"A",
        "U_pro_seq_length":"142",
        "U_RNA_PDB":null,
        "U_RNA_chain":null,
        "U_RNA_seq_length":null
    },
    {
        "C_PDB":"2AZ0",
        "C_chain_PR":"  AB:CD",
        "Structural_class":"C",
        "Flexible_class":"R",
        "Docking_case":"UB",
        "Binding_affinity":"yes",
        "C_pro_chain":"AB",
        "C_pro_seq_length":"73+73",
        "C_RNA_chain":"CD",
        "C_RNA_seq_length":"18+18",
        "U_pro_PDB":"2B9Z",
        "U_pro_chain":"AB",
        "U_pro_seq_length":"74+74",
        "U_RNA_PDB":null,
        "U_RNA_chain":null,
        "U_RNA_seq_length":null
    },
    {
        "C_PDB":"2BGG",
        "C_chain_PR":"  A:PQ",
        "Structural_class":"C",
        "Flexible_class":"R",
        "Docking_case":"UB",
        "Binding_affinity":"no",
        "C_pro_chain":"A",
        "C_pro_seq_length":"427",
        "C_RNA_chain":"PQ",
        "C_RNA_seq_length":"8+8",
        "U_pro_PDB":"1W9H",
        "U_pro_chain":"A",
        "U_pro_seq_length":"427",
        "U_RNA_PDB":null,
        "U_RNA_chain":null,
        "U_RNA_seq_length":null
    },
    {
        "C_PDB":"2EZ6",
        "C_chain_PR":"  AB:CD",
        "Structural_class":"C",
        "Flexible_class":"R",
        "Docking_case":"UB",
        "Binding_affinity":"no",
        "C_pro_chain":"AB",
        "C_pro_seq_length":"221+221",
        "C_RNA_chain":"CD",
        "C_RNA_seq_length":"28+28",
        "U_pro_PDB":"1JFZ",
        "U_pro_chain":"AB",
        "U_pro_seq_length":"154+154",
        "U_RNA_PDB":null,
        "U_RNA_chain":null,
        "U_RNA_seq_length":null
    },
    {
        "C_PDB":"2F8S",
        "C_chain_PR":"  AB:CD",
        "Structural_class":"C",
        "Flexible_class":"S",
        "Docking_case":"UB",
        "Binding_affinity":"no",
        "C_pro_chain":"AB",
        "C_pro_seq_length":"706+706",
        "C_RNA_chain":"CD",
        "C_RNA_seq_length":"22+22",
        "U_pro_PDB":"1YVU",
        "U_pro_chain":"A",
        "U_pro_seq_length":"706",
        "U_RNA_PDB":null,
        "U_RNA_chain":null,
        "U_RNA_seq_length":null
    },
    {
        "C_PDB":"2GJW",
        "C_chain_PR":"  AB:EFH",
        "Structural_class":"C",
        "Flexible_class":"R",
        "Docking_case":"UB",
        "Binding_affinity":"no",
        "C_pro_chain":"AB",
        "C_pro_seq_length":"313+313",
        "C_RNA_chain":"EFH",
        "C_RNA_seq_length":"19+12+7",
        "U_pro_PDB":"1R0V",
        "U_pro_chain":"AB",
        "U_pro_seq_length":"305+305",
        "U_RNA_PDB":null,
        "U_RNA_chain":null,
        "U_RNA_seq_length":null
    },
    {
        "C_PDB":"2GXB",
        "C_chain_PR":"  A:EF",
        "Structural_class":"C",
        "Flexible_class":"R",
        "Docking_case":"UB",
        "Binding_affinity":"no",
        "C_pro_chain":"A",
        "C_pro_seq_length":"66",
        "C_RNA_chain":"EF",
        "C_RNA_seq_length":"7+7",
        "U_pro_PDB":"1QGP",
        "U_pro_chain":"A",
        "U_pro_seq_length":"77",
        "U_RNA_PDB":null,
        "U_RNA_chain":null,
        "U_RNA_seq_length":null
    },
    {
        "C_PDB":"2QUX",
        "C_chain_PR":"  AB:C",
        "Structural_class":"C",
        "Flexible_class":"R",
        "Docking_case":"UB",
        "Binding_affinity":"yes",
        "C_pro_chain":"AB",
        "C_pro_seq_length":"125+125",
        "C_RNA_chain":"C",
        "C_RNA_seq_length":"25",
        "U_pro_PDB":"2QUD",
        "U_pro_chain":"AB",
        "U_pro_seq_length":"125+125",
        "U_RNA_PDB":null,
        "U_RNA_chain":null,
        "U_RNA_seq_length":null
    },
    {
        "C_PDB":"2Y8W",
        "C_chain_PR":" A:B",
        "Structural_class":"C",
        "Flexible_class":"F",
        "Docking_case":"UB",
        "Binding_affinity":"yes",
        "C_pro_chain":"A",
        "C_pro_seq_length":"215",
        "C_RNA_chain":"B",
        "C_RNA_seq_length":"20",
        "U_pro_PDB":"1WJ9",
        "U_pro_chain":"A",
        "U_pro_seq_length":"211",
        "U_RNA_PDB":null,
        "U_RNA_chain":null,
        "U_RNA_seq_length":null
    },
    {
        "C_PDB":"2ZKO",
        "C_chain_PR":"  AB:CD",
        "Structural_class":"C",
        "Flexible_class":"R",
        "Docking_case":"UB",
        "Binding_affinity":"yes",
        "C_pro_chain":"AB",
        "C_pro_seq_length":"73+73",
        "C_RNA_chain":"CD",
        "C_RNA_seq_length":"21+21",
        "U_pro_PDB":"2Z0A",
        "U_pro_chain":"AB",
        "U_pro_seq_length":"79+79",
        "U_RNA_PDB":null,
        "U_RNA_chain":null,
        "U_RNA_seq_length":null
    },
    {
        "C_PDB":"3A6P",
        "C_chain_PR":"  AC:DE",
        "Structural_class":"C",
        "Flexible_class":"R",
        "Docking_case":"UB",
        "Binding_affinity":"yes",
        "C_pro_chain":"AC",
        "C_pro_seq_length":"1204+216",
        "C_RNA_chain":"DE",
        "C_RNA_seq_length":"24+24",
        "U_pro_PDB":"5YU6",
        "U_pro_chain":"A",
        "U_pro_seq_length":"1204",
        "U_RNA_PDB":null,
        "U_RNA_chain":null,
        "U_RNA_seq_length":null
    },
    {
        "C_PDB":"3BSN",
        "C_chain_PR":"  A:PT",
        "Structural_class":"C",
        "Flexible_class":"S",
        "Docking_case":"UB",
        "Binding_affinity":"no",
        "C_pro_chain":"A",
        "C_pro_seq_length":"510",
        "C_RNA_chain":"PT",
        "C_RNA_seq_length":"8+9",
        "U_pro_PDB":"1SH3",
        "U_pro_chain":"A",
        "U_pro_seq_length":"510",
        "U_RNA_PDB":null,
        "U_RNA_chain":null,
        "U_RNA_seq_length":null
    },
    {
        "C_PDB":"3DD2",
        "C_chain_PR":" H:B",
        "Structural_class":"C",
        "Flexible_class":"R",
        "Docking_case":"UB",
        "Binding_affinity":"yes",
        "C_pro_chain":"H",
        "C_pro_seq_length":"258",
        "C_RNA_chain":"B",
        "C_RNA_seq_length":"26",
        "U_pro_PDB":"1JOU",
        "U_pro_chain":"D",
        "U_pro_seq_length":"259",
        "U_RNA_PDB":null,
        "U_RNA_chain":null,
        "U_RNA_seq_length":null
    },
    {
        "C_PDB":"3EQT",
        "C_chain_PR":"  AB:CD",
        "Structural_class":"C",
        "Flexible_class":"R",
        "Docking_case":"UB",
        "Binding_affinity":"yes",
        "C_pro_chain":"AB",
        "C_pro_seq_length":"145+145",
        "C_RNA_chain":"CD",
        "C_RNA_seq_length":"8+8",
        "U_pro_PDB":"2W4R",
        "U_pro_chain":"AA'",
        "U_pro_seq_length":"142",
        "U_RNA_PDB":null,
        "U_RNA_chain":null,
        "U_RNA_seq_length":null
    },
    {
        "C_PDB":"3FTE",
        "C_chain_PR":"  A:CD",
        "Structural_class":"C",
        "Flexible_class":"R",
        "Docking_case":"UB",
        "Binding_affinity":"no",
        "C_pro_chain":"A",
        "C_pro_seq_length":"249",
        "C_RNA_chain":"CD",
        "C_RNA_seq_length":"22+22",
        "U_pro_PDB":"3FTD",
        "U_pro_chain":"A",
        "U_pro_seq_length":"249",
        "U_RNA_PDB":null,
        "U_RNA_chain":null,
        "U_RNA_seq_length":null
    },
    {
        "C_PDB":"3KS8",
        "C_chain_PR":"  AB:EF",
        "Structural_class":"C",
        "Flexible_class":"R",
        "Docking_case":"UB",
        "Binding_affinity":"yes",
        "C_pro_chain":"AB",
        "C_pro_seq_length":"184+184",
        "C_RNA_chain":"EF",
        "C_RNA_seq_length":"18+18",
        "U_pro_PDB":"3KS4",
        "U_pro_chain":"AB",
        "U_pro_seq_length":"184+184",
        "U_RNA_PDB":null,
        "U_RNA_chain":null,
        "U_RNA_seq_length":null
    },
    {
        "C_PDB":"3MOJ",
        "C_chain_PR":" B:A",
        "Structural_class":"C",
        "Flexible_class":"R",
        "Docking_case":"UB",
        "Binding_affinity":"yes",
        "C_pro_chain":"B",
        "C_pro_seq_length":"76",
        "C_RNA_chain":"A",
        "C_RNA_seq_length":"74",
        "U_pro_PDB":"2G0C",
        "U_pro_chain":"A",
        "U_pro_seq_length":"76",
        "U_RNA_PDB":null,
        "U_RNA_chain":null,
        "U_RNA_seq_length":null
    },
    {
        "C_PDB":"3O3I",
        "C_chain_PR":" X:A",
        "Structural_class":"C",
        "Flexible_class":"S",
        "Docking_case":"UB",
        "Binding_affinity":"yes",
        "C_pro_chain":"X",
        "C_pro_seq_length":"124",
        "C_RNA_chain":"A",
        "C_RNA_seq_length":"14",
        "U_pro_PDB":"2L5C",
        "U_pro_chain":"A",
        "U_pro_seq_length":"134",
        "U_RNA_PDB":null,
        "U_RNA_chain":null,
        "U_RNA_seq_length":null
    },
    {
        "C_PDB":"3OIJ",
        "C_chain_PR":"  AB:C",
        "Structural_class":"C",
        "Flexible_class":"S",
        "Docking_case":"UB",
        "Binding_affinity":"no",
        "C_pro_chain":"AB",
        "C_pro_seq_length":"253+253",
        "C_RNA_chain":"C",
        "C_RNA_seq_length":"14",
        "U_pro_PDB":"3OII",
        "U_pro_chain":"AB",
        "U_pro_seq_length":"253+253",
        "U_RNA_PDB":null,
        "U_RNA_chain":null,
        "U_RNA_seq_length":null
    },
    {
        "C_PDB":"3OL6",
        "C_chain_PR":"  A:BCD",
        "Structural_class":"C",
        "Flexible_class":"R",
        "Docking_case":"UB",
        "Binding_affinity":"no",
        "C_pro_chain":"A",
        "C_pro_seq_length":"471",
        "C_RNA_chain":"BCD",
        "C_RNA_seq_length":"26+14+9",
        "U_pro_PDB":"1RA6",
        "U_pro_chain":"A",
        "U_pro_seq_length":"461",
        "U_RNA_PDB":null,
        "U_RNA_chain":null,
        "U_RNA_seq_length":null
    },
    {
        "C_PDB":"3RW6",
        "C_chain_PR":" A:H",
        "Structural_class":"C",
        "Flexible_class":"F",
        "Docking_case":"UB",
        "Binding_affinity":"yes",
        "C_pro_chain":"A",
        "C_pro_seq_length":"267",
        "C_RNA_chain":"H",
        "C_RNA_seq_length":"62",
        "U_pro_PDB":"3RW7",
        "U_pro_chain":"A",
        "U_pro_seq_length":"267",
        "U_RNA_PDB":null,
        "U_RNA_chain":null,
        "U_RNA_seq_length":null
    },
    {
        "C_PDB":"3ZC0",
        "C_chain_PR":"  AA'BB'CC'DD':MM'",
        "Structural_class":"C",
        "Flexible_class":"R",
        "Docking_case":"UB",
        "Binding_affinity":"no",
        "C_pro_chain":"ABCDEFGH",
        "C_pro_seq_length":"199+199+199+199+199+199+199+199",
        "C_RNA_chain":"MN",
        "C_RNA_seq_length":"16",
        "U_pro_PDB":"3ZC1",
        "U_pro_chain":"ABCDEFGH",
        "U_pro_seq_length":"199+199+199+199+199+199+199+199",
        "U_RNA_PDB":null,
        "U_RNA_chain":null,
        "U_RNA_seq_length":null
    },
    {
        "C_PDB":"4ERD",
        "C_chain_PR":"  AB:CD",
        "Structural_class":"C",
        "Flexible_class":"R",
        "Docking_case":"UB",
        "Binding_affinity":"yes",
        "C_pro_chain":"AB",
        "C_pro_seq_length":"129+129",
        "C_RNA_chain":"CD",
        "C_RNA_seq_length":"22+22",
        "U_pro_PDB":"4EYT",
        "U_pro_chain":"AB",
        "U_pro_seq_length":"129+129",
        "U_RNA_PDB":null,
        "U_RNA_chain":null,
        "U_RNA_seq_length":null
    },
    {
        "C_PDB":"4FVU",
        "C_chain_PR":"  A:BC",
        "Structural_class":"C",
        "Flexible_class":"R",
        "Docking_case":"UB",
        "Binding_affinity":"no",
        "C_pro_chain":"A",
        "C_pro_seq_length":"243",
        "C_RNA_chain":"BC",
        "C_RNA_seq_length":"8+8",
        "U_pro_PDB":"3Q7C",
        "U_pro_chain":"A",
        "U_pro_seq_length":"243",
        "U_RNA_PDB":null,
        "U_RNA_chain":null,
        "U_RNA_seq_length":null
    },
    {
        "C_PDB":"4IG8",
        "C_chain_PR":"  A:BC",
        "Structural_class":"C",
        "Flexible_class":"S",
        "Docking_case":"UB",
        "Binding_affinity":"no",
        "C_pro_chain":"A",
        "C_pro_seq_length":"349",
        "C_RNA_chain":"BC",
        "C_RNA_seq_length":"18+18",
        "U_pro_PDB":"1PX5",
        "U_pro_chain":"A",
        "U_pro_seq_length":"349",
        "U_RNA_PDB":null,
        "U_RNA_chain":null,
        "U_RNA_seq_length":null
    },
    {
        "C_PDB":"4ILL",
        "C_chain_PR":"  AB:RC",
        "Structural_class":"C",
        "Flexible_class":"R",
        "Docking_case":"UB",
        "Binding_affinity":"no",
        "C_pro_chain":"AB",
        "C_pro_seq_length":"289+289",
        "C_RNA_chain":"RC",
        "C_RNA_seq_length":"24+24",
        "U_pro_PDB":"4ILR",
        "U_pro_chain":"AA'",
        "U_pro_seq_length":"289",
        "U_RNA_PDB":null,
        "U_RNA_chain":null,
        "U_RNA_seq_length":null
    },
    {
        "C_PDB":"4ZT0",
        "C_chain_PR":" A:B",
        "Structural_class":"C",
        "Flexible_class":"F",
        "Docking_case":"UB",
        "Binding_affinity":"yes",
        "C_pro_chain":"A",
        "C_pro_seq_length":"1369",
        "C_RNA_chain":"B",
        "C_RNA_seq_length":"85",
        "U_pro_PDB":"4CMP",
        "U_pro_chain":"A",
        "U_pro_seq_length":"1372",
        "U_RNA_PDB":null,
        "U_RNA_chain":null,
        "U_RNA_seq_length":null
    },
    {
        "C_PDB":"5ED1",
        "C_chain_PR":"  A:BC",
        "Structural_class":"C",
        "Flexible_class":"S",
        "Docking_case":"UB",
        "Binding_affinity":"no",
        "C_pro_chain":"A",
        "C_pro_seq_length":"403",
        "C_RNA_chain":"BC",
        "C_RNA_seq_length":"23+23",
        "U_pro_PDB":"1ZY7",
        "U_pro_chain":"A",
        "U_pro_seq_length":"403",
        "U_RNA_PDB":null,
        "U_RNA_chain":null,
        "U_RNA_seq_length":null
    },
    {
        "C_PDB":"5F5H",
        "C_chain_PR":" A:C",
        "Structural_class":"C",
        "Flexible_class":"R",
        "Docking_case":"UB",
        "Binding_affinity":"yes",
        "C_pro_chain":"A",
        "C_pro_seq_length":"180",
        "C_RNA_chain":"C",
        "C_RNA_seq_length":"22",
        "U_pro_PDB":"4QI0",
        "U_pro_chain":"A",
        "U_pro_seq_length":"180",
        "U_RNA_PDB":null,
        "U_RNA_chain":null,
        "U_RNA_seq_length":null
    },
    {
        "C_PDB":"5WTK",
        "C_chain_PR":" A:B",
        "Structural_class":"C",
        "Flexible_class":"F",
        "Docking_case":"UB",
        "Binding_affinity":"yes",
        "C_pro_chain":"A",
        "C_pro_seq_length":"1397",
        "C_RNA_chain":"B",
        "C_RNA_seq_length":"58",
        "U_pro_PDB":"5WTJ",
        "U_pro_chain":"A",
        "U_pro_seq_length":"1397",
        "U_RNA_PDB":null,
        "U_RNA_chain":null,
        "U_RNA_seq_length":null
    },
    {
        "C_PDB":"5ZQ8",
        "C_chain_PR":" A:D",
        "Structural_class":"C",
        "Flexible_class":"R",
        "Docking_case":"UB",
        "Binding_affinity":"yes",
        "C_pro_chain":"A",
        "C_pro_seq_length":"454",
        "C_RNA_chain":"D",
        "C_RNA_seq_length":"12",
        "U_pro_PDB":"5XJ1",
        "U_pro_chain":"A",
        "U_pro_seq_length":"454",
        "U_RNA_PDB":null,
        "U_RNA_chain":null,
        "U_RNA_seq_length":null
    },
    {
        "C_PDB":"6D12",
        "C_chain_PR":" B:C",
        "Structural_class":"C",
        "Flexible_class":"S",
        "Docking_case":"UB",
        "Binding_affinity":"yes",
        "C_pro_chain":"B",
        "C_pro_seq_length":"113",
        "C_RNA_chain":"C",
        "C_RNA_seq_length":"38",
        "U_pro_PDB":"5KNW",
        "U_pro_chain":"A",
        "U_pro_seq_length":"125",
        "U_RNA_PDB":null,
        "U_RNA_chain":null,
        "U_RNA_seq_length":null
    },
    {
        "C_PDB":"6DCB",
        "C_chain_PR":" A:B",
        "Structural_class":"C",
        "Flexible_class":"R",
        "Docking_case":"UB",
        "Binding_affinity":"yes",
        "C_pro_chain":"A",
        "C_pro_seq_length":"309",
        "C_RNA_chain":"B",
        "C_RNA_seq_length":"36",
        "U_pro_PDB":"5UNA",
        "U_pro_chain":"A",
        "U_pro_seq_length":"292",
        "U_RNA_PDB":null,
        "U_RNA_chain":null,
        "U_RNA_seq_length":null
    },
    {
        "C_PDB":"6FQ3",
        "C_chain_PR":" A:B",
        "Structural_class":"C",
        "Flexible_class":"S",
        "Docking_case":"UB",
        "Binding_affinity":"yes",
        "C_pro_chain":"A",
        "C_pro_seq_length":"409",
        "C_RNA_chain":"B",
        "C_RNA_seq_length":"13",
        "U_pro_PDB":"6FPT",
        "U_pro_chain":"A",
        "U_pro_seq_length":"409",
        "U_RNA_PDB":null,
        "U_RNA_chain":null,
        "U_RNA_seq_length":null
    },
    {
        "C_PDB":"6SY4",
        "C_chain_PR":"  AB:C",
        "Structural_class":"C",
        "Flexible_class":"S",
        "Docking_case":"UB",
        "Binding_affinity":"yes",
        "C_pro_chain":"AB",
        "C_pro_seq_length":"208+208",
        "C_RNA_chain":"C",
        "C_RNA_seq_length":"43",
        "U_pro_PDB":"3ZQI",
        "U_pro_chain":"AB",
        "U_pro_seq_length":"208+208",
        "U_RNA_PDB":null,
        "U_RNA_chain":null,
        "U_RNA_seq_length":null
    },
    {
        "C_PDB":"6PZQ",
        "C_chain_PR":"  AB:IJ",
        "Structural_class":"C",
        "Flexible_class":"R",
        "Docking_case":"UB",
        "Binding_affinity":"yes",
        "C_pro_chain":"AB",
        "C_pro_seq_length":"194+194",
        "C_RNA_chain":"IJ",
        "C_RNA_seq_length":"7+7",
        "U_pro_PDB":"6G0Y",
        "U_pro_chain":"AC",
        "U_pro_seq_length":"194",
        "U_RNA_PDB":null,
        "U_RNA_chain":null,
        "U_RNA_seq_length":null
    },
    {
        "C_PDB":"6RTI",
        "C_chain_PR":" A:X",
        "Structural_class":"C",
        "Flexible_class":"R",
        "Docking_case":"UB",
        "Binding_affinity":"no",
        "C_pro_chain":"A",
        "C_pro_seq_length":"707",
        "C_RNA_chain":"X",
        "C_RNA_seq_length":"43",
        "U_pro_PDB":"2C6C",
        "U_pro_chain":"A",
        "U_pro_seq_length":"707",
        "U_RNA_PDB":null,
        "U_RNA_chain":null,
        "U_RNA_seq_length":null
    },
    {
        "C_PDB":"6ZDP",
        "C_chain_PR":" A:B",
        "Structural_class":"C",
        "Flexible_class":"F",
        "Docking_case":"UB",
        "Binding_affinity":"yes",
        "C_pro_chain":"A",
        "C_pro_seq_length":"724",
        "C_RNA_chain":"B",
        "C_RNA_seq_length":"72",
        "U_pro_PDB":"6ZD6",
        "U_pro_chain":"A",
        "U_pro_seq_length":"705",
        "U_RNA_PDB":null,
        "U_RNA_chain":null,
        "U_RNA_seq_length":null
    },
    {
        "C_PDB":"7KFN",
        "C_chain_PR":"  AD:BC",
        "Structural_class":"C",
        "Flexible_class":"S",
        "Docking_case":"UB",
        "Binding_affinity":"no",
        "C_pro_chain":"AD",
        "C_pro_seq_length":"403+403",
        "C_RNA_chain":"BC",
        "C_RNA_seq_length":"23+23",
        "U_pro_PDB":"1ZY7",
        "U_pro_chain":"AB",
        "U_pro_seq_length":"403+403",
        "U_RNA_PDB":null,
        "U_RNA_chain":null,
        "U_RNA_seq_length":null
    },
    {
        "C_PDB":"7KKV",
        "C_chain_PR":" A:B",
        "Structural_class":"C",
        "Flexible_class":"R",
        "Docking_case":"UB",
        "Binding_affinity":"yes",
        "C_pro_chain":"A",
        "C_pro_seq_length":"98",
        "C_RNA_chain":"B",
        "C_RNA_seq_length":"60",
        "U_pro_PDB":"7K9B",
        "U_pro_chain":"A",
        "U_pro_seq_length":"98",
        "U_RNA_PDB":null,
        "U_RNA_chain":null,
        "U_RNA_seq_length":null
    },
    {
        "C_PDB":"7OG0",
        "C_chain_PR":"  A:EE'",
        "Structural_class":"C",
        "Flexible_class":"S",
        "Docking_case":"UB",
        "Binding_affinity":"yes",
        "C_pro_chain":"A",
        "C_pro_seq_length":"527",
        "C_RNA_chain":"E",
        "C_RNA_seq_length":"17",
        "U_pro_PDB":"8TV8",
        "U_pro_chain":"A",
        "U_pro_seq_length":"564",
        "U_RNA_PDB":null,
        "U_RNA_chain":null,
        "U_RNA_seq_length":null
    },
    {
        "C_PDB":"7OM6",
        "C_chain_PR":"  A:DF",
        "Structural_class":"C",
        "Flexible_class":"R",
        "Docking_case":"UB",
        "Binding_affinity":"no",
        "C_pro_chain":"A",
        "C_pro_seq_length":"684",
        "C_RNA_chain":"DF",
        "C_RNA_seq_length":"8+8",
        "U_pro_PDB":"7OM2",
        "U_pro_chain":"A",
        "U_pro_seq_length":"684",
        "U_RNA_PDB":null,
        "U_RNA_chain":null,
        "U_RNA_seq_length":null
    },
    {
        "C_PDB":"7XD8",
        "C_chain_PR":"  A:BC",
        "Structural_class":"C",
        "Flexible_class":"F",
        "Docking_case":"UB",
        "Binding_affinity":"no",
        "C_pro_chain":"A",
        "C_pro_seq_length":"647",
        "C_RNA_chain":"BC",
        "C_RNA_seq_length":"30+9",
        "U_pro_PDB":"6KR2",
        "U_pro_chain":"A",
        "U_pro_seq_length":"911",
        "U_RNA_PDB":null,
        "U_RNA_chain":null,
        "U_RNA_seq_length":null
    },
    {
        "C_PDB":"7XWZ",
        "C_chain_PR":"  A:CD",
        "Structural_class":"C",
        "Flexible_class":"S",
        "Docking_case":"UB",
        "Binding_affinity":"no",
        "C_pro_chain":"A",
        "C_pro_seq_length":"125",
        "C_RNA_chain":"CD",
        "C_RNA_seq_length":"7+7",
        "U_pro_PDB":"7VNU",
        "U_pro_chain":"A",
        "U_pro_seq_length":"131",
        "U_RNA_PDB":null,
        "U_RNA_chain":null,
        "U_RNA_seq_length":null
    },
    {
        "C_PDB":"7ZLQ",
        "C_chain_PR":"  A:DE",
        "Structural_class":"C",
        "Flexible_class":"R",
        "Docking_case":"UB",
        "Binding_affinity":"yes",
        "C_pro_chain":"A",
        "C_pro_seq_length":"86",
        "C_RNA_chain":"DE",
        "C_RNA_seq_length":"13+13",
        "U_pro_PDB":"2MDR",
        "U_pro_chain":"A",
        "U_pro_seq_length":"113",
        "U_RNA_PDB":null,
        "U_RNA_chain":null,
        "U_RNA_seq_length":null
    },
    {
        "C_PDB":"8AF0",
        "C_chain_PR":"  AB:CD",
        "Structural_class":"C",
        "Flexible_class":"R",
        "Docking_case":"UB",
        "Binding_affinity":"no",
        "C_pro_chain":"AB",
        "C_pro_seq_length":"123+123",
        "C_RNA_chain":"CD",
        "C_RNA_seq_length":"19+19",
        "U_pro_PDB":"5M9T",
        "U_pro_chain":"AB",
        "U_pro_seq_length":"124+124",
        "U_RNA_PDB":null,
        "U_RNA_chain":null,
        "U_RNA_seq_length":null
    },
    {
        "C_PDB":"1AV6",
        "C_chain_PR":" A:B",
        "Structural_class":"D",
        "Flexible_class":"R",
        "Docking_case":"UB",
        "Binding_affinity":"no",
        "C_pro_chain":"A",
        "C_pro_seq_length":"295",
        "C_RNA_chain":"B",
        "C_RNA_seq_length":"6",
        "U_pro_PDB":"1B42",
        "U_pro_chain":"A",
        "U_pro_seq_length":"297",
        "U_RNA_PDB":null,
        "U_RNA_chain":null,
        "U_RNA_seq_length":null
    },
    {
        "C_PDB":"1C9S",
        "C_chain_PR":"  L:W1-7",
        "Structural_class":"D",
        "Flexible_class":"R",
        "Docking_case":"UB",
        "Binding_affinity":"yes",
        "C_pro_chain":"L",
        "C_pro_seq_length":"74",
        "C_RNA_chain":"W",
        "C_RNA_seq_length":"55",
        "U_pro_PDB":"2EXT",
        "U_pro_chain":"A",
        "U_pro_seq_length":"77",
        "U_RNA_PDB":null,
        "U_RNA_chain":null,
        "U_RNA_seq_length":null
    },
    {
        "C_PDB":"1CVJ",
        "C_chain_PR":" A:M",
        "Structural_class":"D",
        "Flexible_class":"F",
        "Docking_case":"UB",
        "Binding_affinity":"yes",
        "C_pro_chain":"A",
        "C_pro_seq_length":"190",
        "C_RNA_chain":"M",
        "C_RNA_seq_length":"11",
        "U_pro_PDB":"4F25",
        "U_pro_chain":"A",
        "U_pro_seq_length":"115",
        "U_RNA_PDB":null,
        "U_RNA_chain":null,
        "U_RNA_seq_length":null
    },
    {
        "C_PDB":"1G2E",
        "C_chain_PR":" A:B",
        "Structural_class":"D",
        "Flexible_class":"R",
        "Docking_case":"UB",
        "Binding_affinity":"no",
        "C_pro_chain":"A",
        "C_pro_seq_length":"167",
        "C_RNA_chain":"B",
        "C_RNA_seq_length":"10",
        "U_pro_PDB":"4EGL",
        "U_pro_chain":"A",
        "U_pro_seq_length":"177",
        "U_RNA_PDB":null,
        "U_RNA_chain":null,
        "U_RNA_seq_length":null
    },
    {
        "C_PDB":"1K8W",
        "C_chain_PR":" A:B",
        "Structural_class":"D",
        "Flexible_class":"R",
        "Docking_case":"UB",
        "Binding_affinity":"yes",
        "C_pro_chain":"A",
        "C_pro_seq_length":"327",
        "C_RNA_chain":"B",
        "C_RNA_seq_length":"22",
        "U_pro_PDB":"1R3F",
        "U_pro_chain":"A",
        "U_pro_seq_length":"314",
        "U_RNA_PDB":null,
        "U_RNA_chain":null,
        "U_RNA_seq_length":null
    },
    {
        "C_PDB":"1KQ2",
        "C_chain_PR":"  ABHIKM:R",
        "Structural_class":"D",
        "Flexible_class":"R",
        "Docking_case":"UB",
        "Binding_affinity":"yes",
        "C_pro_chain":" ABHIKM",
        "C_pro_seq_length":"77+77+77+77+77+77",
        "C_RNA_chain":"R",
        "C_RNA_seq_length":"7",
        "U_pro_PDB":"1KQ1",
        "U_pro_chain":"ABHIKM",
        "U_pro_seq_length":"77+77+77+77+77+77",
        "U_RNA_PDB":null,
        "U_RNA_chain":null,
        "U_RNA_seq_length":null
    },
    {
        "C_PDB":"1M5O",
        "C_chain_PR":" C:B",
        "Structural_class":"D",
        "Flexible_class":"R",
        "Docking_case":"UB",
        "Binding_affinity":"no",
        "C_pro_chain":"C",
        "C_pro_seq_length":"100",
        "C_RNA_chain":"B",
        "C_RNA_seq_length":"92",
        "U_pro_PDB":"1OIA",
        "U_pro_chain":"A",
        "U_pro_seq_length":"95",
        "U_RNA_PDB":null,
        "U_RNA_chain":null,
        "U_RNA_seq_length":null
    },
    {
        "C_PDB":"1M8V",
        "C_chain_PR":"  AM:O",
        "Structural_class":"D",
        "Flexible_class":"R",
        "Docking_case":"UB",
        "Binding_affinity":"no",
        "C_pro_chain":"AM",
        "C_pro_seq_length":"77+77",
        "C_RNA_chain":"O",
        "C_RNA_seq_length":"7",
        "U_pro_PDB":"1H64",
        "U_pro_chain":"AM",
        "U_pro_seq_length":"75+75",
        "U_RNA_PDB":null,
        "U_RNA_chain":null,
        "U_RNA_seq_length":null
    },
    {
        "C_PDB":"1M8W",
        "C_chain_PR":"  A:CE",
        "Structural_class":"D",
        "Flexible_class":"R",
        "Docking_case":"UB",
        "Binding_affinity":"yes",
        "C_pro_chain":"A",
        "C_pro_seq_length":"349",
        "C_RNA_chain":"CE",
        "C_RNA_seq_length":"8+7",
        "U_pro_PDB":"1M8Z",
        "U_pro_chain":"A",
        "U_pro_seq_length":"349",
        "U_RNA_PDB":null,
        "U_RNA_chain":null,
        "U_RNA_seq_length":null
    },
    {
        "C_PDB":"1UVI",
        "C_chain_PR":" A:D",
        "Structural_class":"D",
        "Flexible_class":"R",
        "Docking_case":"UB",
        "Binding_affinity":"no",
        "C_pro_chain":"A",
        "C_pro_seq_length":"664",
        "C_RNA_chain":"D",
        "C_RNA_seq_length":"6",
        "U_pro_PDB":"1HHS",
        "U_pro_chain":"A",
        "U_pro_seq_length":"664",
        "U_RNA_PDB":null,
        "U_RNA_chain":null,
        "U_RNA_seq_length":null
    },
    {
        "C_PDB":"1WPU",
        "C_chain_PR":" A:C",
        "Structural_class":"D",
        "Flexible_class":"R",
        "Docking_case":"UB",
        "Binding_affinity":"yes",
        "C_pro_chain":"A",
        "C_pro_seq_length":"147",
        "C_RNA_chain":"C",
        "C_RNA_seq_length":"7",
        "U_pro_PDB":"1WPV",
        "U_pro_chain":"A",
        "U_pro_seq_length":"147",
        "U_RNA_PDB":null,
        "U_RNA_chain":null,
        "U_RNA_seq_length":null
    },
    {
        "C_PDB":"2A8V",
        "C_chain_PR":" B:E",
        "Structural_class":"D",
        "Flexible_class":"S",
        "Docking_case":"UB",
        "Binding_affinity":"yes",
        "C_pro_chain":"B",
        "C_pro_seq_length":"118",
        "C_RNA_chain":"E",
        "C_RNA_seq_length":"3+6",
        "U_pro_PDB":"1A8V",
        "U_pro_chain":"B",
        "U_pro_seq_length":"121",
        "U_RNA_PDB":null,
        "U_RNA_chain":null,
        "U_RNA_seq_length":null
    },
    {
        "C_PDB":"2ASB",
        "C_chain_PR":" A:B",
        "Structural_class":"D",
        "Flexible_class":"R",
        "Docking_case":"UB",
        "Binding_affinity":"yes",
        "C_pro_chain":"A",
        "C_pro_seq_length":"251",
        "C_RNA_chain":"B",
        "C_RNA_seq_length":"11",
        "U_pro_PDB":"1K0R",
        "U_pro_chain":"A",
        "U_pro_seq_length":"366",
        "U_RNA_PDB":null,
        "U_RNA_chain":null,
        "U_RNA_seq_length":null
    },
    {
        "C_PDB":"2GIC",
        "C_chain_PR":" A:R",
        "Structural_class":"D",
        "Flexible_class":"R",
        "Docking_case":"UB",
        "Binding_affinity":"no",
        "C_pro_chain":"A",
        "C_pro_seq_length":"422",
        "C_RNA_chain":"R",
        "C_RNA_seq_length":"45",
        "U_pro_PDB":"2QVJ",
        "U_pro_chain":"A",
        "U_pro_seq_length":"421",
        "U_RNA_PDB":null,
        "U_RNA_chain":null,
        "U_RNA_seq_length":null
    },
    {
        "C_PDB":"2IX1",
        "C_chain_PR":" A:B",
        "Structural_class":"D",
        "Flexible_class":"R",
        "Docking_case":"UB",
        "Binding_affinity":"yes",
        "C_pro_chain":"A",
        "C_pro_seq_length":"664",
        "C_RNA_chain":"B",
        "C_RNA_seq_length":"13",
        "U_pro_PDB":"2IX0",
        "U_pro_chain":"A",
        "U_pro_seq_length":"663",
        "U_RNA_PDB":null,
        "U_RNA_chain":null,
        "U_RNA_seq_length":null
    },
    {
        "C_PDB":"2JEA",
        "C_chain_PR":"  AB:C",
        "Structural_class":"D",
        "Flexible_class":"R",
        "Docking_case":"UB",
        "Binding_affinity":"yes",
        "C_pro_chain":"AB",
        "C_pro_seq_length":"277+250",
        "C_RNA_chain":"C",
        "C_RNA_seq_length":"35",
        "U_pro_PDB":"2JE6",
        "U_pro_chain":"AB",
        "U_pro_seq_length":"277+277",
        "U_RNA_PDB":null,
        "U_RNA_chain":null,
        "U_RNA_seq_length":null
    },
    {
        "C_PDB":"2JLU",
        "C_chain_PR":" A:C",
        "Structural_class":"D",
        "Flexible_class":"S",
        "Docking_case":"UB",
        "Binding_affinity":"no",
        "C_pro_chain":"A",
        "C_pro_seq_length":"451",
        "C_RNA_chain":"C",
        "C_RNA_seq_length":"12",
        "U_pro_PDB":"2JLQ",
        "U_pro_chain":"A",
        "U_pro_seq_length":"451",
        "U_RNA_PDB":null,
        "U_RNA_chain":null,
        "U_RNA_seq_length":null
    },
    {
        "C_PDB":"2PY9",
        "C_chain_PR":" B:E",
        "Structural_class":"D",
        "Flexible_class":"R",
        "Docking_case":"UB",
        "Binding_affinity":"no",
        "C_pro_chain":"B",
        "C_pro_seq_length":"73",
        "C_RNA_chain":"E",
        "C_RNA_seq_length":"12",
        "U_pro_PDB":"2JZX",
        "U_pro_chain":"A (1-73)",
        "U_pro_seq_length":"160",
        "U_RNA_PDB":null,
        "U_RNA_chain":null,
        "U_RNA_seq_length":null
    },
    {
        "C_PDB":"2Q66",
        "C_chain_PR":" A:X",
        "Structural_class":"D",
        "Flexible_class":"S",
        "Docking_case":"UB",
        "Binding_affinity":"no",
        "C_pro_chain":"A",
        "C_pro_seq_length":"525",
        "C_RNA_chain":"X",
        "C_RNA_seq_length":"5",
        "U_pro_PDB":"2HHP",
        "U_pro_chain":"A",
        "U_pro_seq_length":"530",
        "U_RNA_PDB":null,
        "U_RNA_chain":null,
        "U_RNA_seq_length":null
    },
    {
        "C_PDB":"2R7R",
        "C_chain_PR":" A:X",
        "Structural_class":"D",
        "Flexible_class":"S",
        "Docking_case":"UB",
        "Binding_affinity":"no",
        "C_pro_chain":"A",
        "C_pro_seq_length":"1095",
        "C_RNA_chain":"X",
        "C_RNA_seq_length":"7",
        "U_pro_PDB":"2R7Q",
        "U_pro_chain":"A",
        "U_pro_seq_length":"1095",
        "U_RNA_PDB":null,
        "U_RNA_chain":null,
        "U_RNA_seq_length":null
    },
    {
        "C_PDB":"2XGJ",
        "C_chain_PR":" A:C",
        "Structural_class":"D",
        "Flexible_class":"F",
        "Docking_case":"UB",
        "Binding_affinity":"yes",
        "C_pro_chain":"A",
        "C_pro_seq_length":"1010",
        "C_RNA_chain":"C",
        "C_RNA_seq_length":"5",
        "U_pro_PDB":"4U4C",
        "U_pro_chain":"A",
        "U_pro_seq_length":"998",
        "U_RNA_PDB":null,
        "U_RNA_chain":null,
        "U_RNA_seq_length":null
    },
    {
        "C_PDB":"2XNR",
        "C_chain_PR":" A:C",
        "Structural_class":"D",
        "Flexible_class":"R",
        "Docking_case":"UB",
        "Binding_affinity":"yes",
        "C_pro_chain":"A",
        "C_pro_seq_length":"97",
        "C_RNA_chain":"C",
        "C_RNA_seq_length":"12",
        "U_pro_PDB":"2XNQ",
        "U_pro_chain":"A",
        "U_pro_seq_length":"97",
        "U_RNA_PDB":null,
        "U_RNA_chain":null,
        "U_RNA_seq_length":null
    },
    {
        "C_PDB":"2XZO",
        "C_chain_PR":" A:D",
        "Structural_class":"D",
        "Flexible_class":"F",
        "Docking_case":"UB",
        "Binding_affinity":"yes",
        "C_pro_chain":"A",
        "C_pro_seq_length":"623",
        "C_RNA_chain":"D",
        "C_RNA_seq_length":"7",
        "U_pro_PDB":"2XZP",
        "U_pro_chain":"A",
        "U_pro_seq_length":"623",
        "U_RNA_PDB":null,
        "U_RNA_chain":null,
        "U_RNA_seq_length":null
    },
    {
        "C_PDB":"3AEV",
        "C_chain_PR":" B:C",
        "Structural_class":"D",
        "Flexible_class":"R",
        "Docking_case":"UB",
        "Binding_affinity":"yes",
        "C_pro_chain":"B",
        "C_pro_seq_length":"219",
        "C_RNA_chain":"C",
        "C_RNA_seq_length":"11",
        "U_pro_PDB":"2E3U",
        "U_pro_chain":"A",
        "U_pro_seq_length":"219",
        "U_RNA_PDB":null,
        "U_RNA_chain":null,
        "U_RNA_seq_length":null
    },
    {
        "C_PDB":"3BX2",
        "C_chain_PR":" A:C",
        "Structural_class":"D",
        "Flexible_class":"R",
        "Docking_case":"UB",
        "Binding_affinity":"yes",
        "C_pro_chain":"A",
        "C_pro_seq_length":"335",
        "C_RNA_chain":"C",
        "C_RNA_seq_length":"9",
        "U_pro_PDB":"3BWT",
        "U_pro_chain":"A",
        "U_pro_seq_length":"333",
        "U_RNA_PDB":null,
        "U_RNA_chain":null,
        "U_RNA_seq_length":null
    },
    {
        "C_PDB":"3D2S",
        "C_chain_PR":" A:E",
        "Structural_class":"D",
        "Flexible_class":"R",
        "Docking_case":"UB",
        "Binding_affinity":"yes",
        "C_pro_chain":"A",
        "C_pro_seq_length":"70",
        "C_RNA_chain":"E",
        "C_RNA_seq_length":"6",
        "U_pro_PDB":"3D2Q",
        "U_pro_chain":"A",
        "U_pro_seq_length":"70",
        "U_RNA_PDB":null,
        "U_RNA_chain":null,
        "U_RNA_seq_length":null
    },
    {
        "C_PDB":"3MDG",
        "C_chain_PR":"  AB:C",
        "Structural_class":"D",
        "Flexible_class":"R",
        "Docking_case":"UB",
        "Binding_affinity":"yes",
        "C_pro_chain":"AB",
        "C_pro_seq_length":"227+227",
        "C_RNA_chain":"C",
        "C_RNA_seq_length":"6",
        "U_pro_PDB":"3BAP",
        "U_pro_chain":"AA'",
        "U_pro_seq_length":"227",
        "U_RNA_PDB":null,
        "U_RNA_chain":null,
        "U_RNA_seq_length":null
    },
    {
        "C_PDB":"3NMR",
        "C_chain_PR":" A:B",
        "Structural_class":"D",
        "Flexible_class":"S",
        "Docking_case":"UB",
        "Binding_affinity":"yes",
        "C_pro_chain":"A",
        "C_pro_seq_length":"175",
        "C_RNA_chain":"B",
        "C_RNA_seq_length":"12",
        "U_pro_PDB":"2DHS",
        "U_pro_chain":"A",
        "U_pro_seq_length":"187",
        "U_RNA_PDB":null,
        "U_RNA_chain":null,
        "U_RNA_seq_length":null
    },
    {
        "C_PDB":"3O8C",
        "C_chain_PR":" A:C",
        "Structural_class":"D",
        "Flexible_class":"R",
        "Docking_case":"UB",
        "Binding_affinity":"yes",
        "C_pro_chain":"A",
        "C_pro_seq_length":"666",
        "C_RNA_chain":"C",
        "C_RNA_seq_length":"6",
        "U_pro_PDB":"3O8B",
        "U_pro_chain":"A",
        "U_pro_seq_length":"666",
        "U_RNA_PDB":null,
        "U_RNA_chain":null,
        "U_RNA_seq_length":null
    },
    {
        "C_PDB":"3PF4",
        "C_chain_PR":" B:R",
        "Structural_class":"D",
        "Flexible_class":"R",
        "Docking_case":"UB",
        "Binding_affinity":"yes",
        "C_pro_chain":"B",
        "C_pro_seq_length":"67",
        "C_RNA_chain":"R",
        "C_RNA_seq_length":"7",
        "U_pro_PDB":"1CSP",
        "U_pro_chain":"A",
        "U_pro_seq_length":"67",
        "U_RNA_PDB":null,
        "U_RNA_chain":null,
        "U_RNA_seq_length":null
    },
    {
        "C_PDB":"3QJJ",
        "C_chain_PR":" A:Q",
        "Structural_class":"D",
        "Flexible_class":"R",
        "Docking_case":"UB",
        "Binding_affinity":"no",
        "C_pro_chain":"A",
        "C_pro_seq_length":"243",
        "C_RNA_chain":"Q",
        "C_RNA_seq_length":"12",
        "U_pro_PDB":"3UFC",
        "U_pro_chain":"X",
        "U_pro_seq_length":"243",
        "U_RNA_PDB":null,
        "U_RNA_chain":null,
        "U_RNA_seq_length":null
    },
    {
        "C_PDB":"3RC8",
        "C_chain_PR":" A:E",
        "Structural_class":"D",
        "Flexible_class":"R",
        "Docking_case":"UB",
        "Binding_affinity":"no",
        "C_pro_chain":"A",
        "C_pro_seq_length":"677",
        "C_RNA_chain":"E",
        "C_RNA_seq_length":"6",
        "U_pro_PDB":"3RC3",
        "U_pro_chain":"A",
        "U_pro_seq_length":"677",
        "U_RNA_PDB":null,
        "U_RNA_chain":null,
        "U_RNA_seq_length":null
    },
    {
        "C_PDB":"4E78",
        "C_chain_PR":"  A:PT",
        "Structural_class":"D",
        "Flexible_class":"R",
        "Docking_case":"UB",
        "Binding_affinity":"no",
        "C_pro_chain":"A",
        "C_pro_seq_length":"572",
        "C_RNA_chain":"PT",
        "C_RNA_seq_length":"6",
        "U_pro_PDB":"4E76",
        "U_pro_chain":"A",
        "U_pro_seq_length":"572",
        "U_RNA_PDB":null,
        "U_RNA_chain":null,
        "U_RNA_seq_length":null
    },
    {
        "C_PDB":"4H5P",
        "C_chain_PR":"  AB:E",
        "Structural_class":"D",
        "Flexible_class":"S",
        "Docking_case":"UB",
        "Binding_affinity":"yes",
        "C_pro_chain":"AB",
        "C_pro_seq_length":"245+245",
        "C_RNA_chain":"E",
        "C_RNA_seq_length":"14",
        "U_pro_PDB":"3LYF",
        "U_pro_chain":"AB",
        "U_pro_seq_length":"245+245",
        "U_RNA_PDB":null,
        "U_RNA_chain":null,
        "U_RNA_seq_length":null
    },
    {
        "C_PDB":"4HOR",
        "C_chain_PR":" A:X",
        "Structural_class":"D",
        "Flexible_class":"S",
        "Docking_case":"UB",
        "Binding_affinity":"no",
        "C_pro_chain":"A",
        "C_pro_seq_length":"482",
        "C_RNA_chain":"X",
        "C_RNA_seq_length":"5",
        "U_pro_PDB":"4HOQ",
        "U_pro_chain":"A",
        "U_pro_seq_length":"482",
        "U_RNA_PDB":null,
        "U_RNA_chain":null,
        "U_RNA_seq_length":null
    },
    {
        "C_PDB":"4J7M",
        "C_chain_PR":" A:B",
        "Structural_class":"D",
        "Flexible_class":"R",
        "Docking_case":"UB",
        "Binding_affinity":"no",
        "C_pro_chain":"A",
        "C_pro_seq_length":"378",
        "C_RNA_chain":"B",
        "C_RNA_seq_length":"5",
        "U_pro_PDB":"4J7N",
        "U_pro_chain":"A",
        "U_pro_seq_length":"378",
        "U_RNA_PDB":null,
        "U_RNA_chain":null,
        "U_RNA_seq_length":null
    },
    {
        "C_PDB":"4M59",
        "C_chain_PR":"  AB:CD",
        "Structural_class":"D",
        "Flexible_class":"F",
        "Docking_case":"UB",
        "Binding_affinity":"yes",
        "C_pro_chain":"AB",
        "C_pro_seq_length":"718+718",
        "C_RNA_chain":"CD",
        "C_RNA_seq_length":"18+18",
        "U_pro_PDB":"4M57",
        "U_pro_chain":"AA'",
        "U_pro_seq_length":"726",
        "U_RNA_PDB":null,
        "U_RNA_chain":null,
        "U_RNA_seq_length":null
    },
    {
        "C_PDB":"4MDX",
        "C_chain_PR":"  AB:C",
        "Structural_class":"D",
        "Flexible_class":"S",
        "Docking_case":"UB",
        "Binding_affinity":"yes",
        "C_pro_chain":"AB",
        "C_pro_seq_length":"117+117",
        "C_RNA_chain":"C",
        "C_RNA_seq_length":"9",
        "U_pro_PDB":"1NE8",
        "U_pro_chain":"AA'",
        "U_pro_seq_length":"117",
        "U_RNA_PDB":null,
        "U_RNA_chain":null,
        "U_RNA_seq_length":null
    },
    {
        "C_PDB":"4N2Q",
        "C_chain_PR":" A:B",
        "Structural_class":"D",
        "Flexible_class":"R",
        "Docking_case":"UB",
        "Binding_affinity":"no",
        "C_pro_chain":"A",
        "C_pro_seq_length":"257",
        "C_RNA_chain":"B",
        "C_RNA_seq_length":"13",
        "U_pro_PDB":"4ME2",
        "U_pro_chain":"A",
        "U_pro_seq_length":"257",
        "U_RNA_PDB":null,
        "U_RNA_chain":null,
        "U_RNA_seq_length":null
    },
    {
        "C_PDB":"4QU6",
        "C_chain_PR":" A:B",
        "Structural_class":"D",
        "Flexible_class":"S",
        "Docking_case":"UB",
        "Binding_affinity":"no",
        "C_pro_chain":"A",
        "C_pro_seq_length":"107",
        "C_RNA_chain":"B",
        "C_RNA_seq_length":"6",
        "U_pro_PDB":"2LMI",
        "U_pro_chain":"A",
        "U_pro_seq_length":"107",
        "U_RNA_PDB":null,
        "U_RNA_chain":null,
        "U_RNA_seq_length":null
    },
    {
        "C_PDB":"5DET",
        "C_chain_PR":"  AB:PQ",
        "Structural_class":"D",
        "Flexible_class":"S",
        "Docking_case":"UB",
        "Binding_affinity":"yes",
        "C_pro_chain":"AB",
        "C_pro_seq_length":"98+98",
        "C_RNA_chain":"PQ",
        "C_RNA_seq_length":"4+5",
        "U_pro_PDB":"5CYJ",
        "U_pro_chain":"AB",
        "U_pro_seq_length":"98+98",
        "U_RNA_PDB":null,
        "U_RNA_chain":null,
        "U_RNA_seq_length":null
    },
    {
        "C_PDB":"5EIM",
        "C_chain_PR":" A:C",
        "Structural_class":"D",
        "Flexible_class":"R",
        "Docking_case":"UB",
        "Binding_affinity":"yes",
        "C_pro_chain":"A",
        "C_pro_seq_length":"163",
        "C_RNA_chain":"D",
        "C_RNA_seq_length":"8",
        "U_pro_PDB":"5H8A",
        "U_pro_chain":"A",
        "U_pro_seq_length":"178",
        "U_RNA_PDB":null,
        "U_RNA_chain":null,
        "U_RNA_seq_length":null
    },
    {
        "C_PDB":"5ELS",
        "C_chain_PR":"  AC:HI",
        "Structural_class":"D",
        "Flexible_class":"S",
        "Docking_case":"UB",
        "Binding_affinity":"yes",
        "C_pro_chain":"AC",
        "C_pro_seq_length":"113+113",
        "C_RNA_chain":"HI",
        "C_RNA_seq_length":"6+6",
        "U_pro_PDB":"5EL3",
        "U_pro_chain":"AB",
        "U_pro_seq_length":"113+113",
        "U_RNA_PDB":null,
        "U_RNA_chain":null,
        "U_RNA_seq_length":null
    },
    {
        "C_PDB":"5EX7",
        "C_chain_PR":" A:B",
        "Structural_class":"D",
        "Flexible_class":"R",
        "Docking_case":"UB",
        "Binding_affinity":"yes",
        "C_pro_chain":"A",
        "C_pro_seq_length":"286",
        "C_RNA_chain":"B",
        "C_RNA_seq_length":"8",
        "U_pro_PDB":"1Q7F",
        "U_pro_chain":"A",
        "U_pro_seq_length":"286",
        "U_RNA_PDB":null,
        "U_RNA_chain":null,
        "U_RNA_seq_length":null
    },
    {
        "C_PDB":"5GXH",
        "C_chain_PR":" A:B",
        "Structural_class":"D",
        "Flexible_class":"R",
        "Docking_case":"UB",
        "Binding_affinity":"yes",
        "C_pro_chain":"A",
        "C_pro_seq_length":"757",
        "C_RNA_chain":"B",
        "C_RNA_seq_length":"8",
        "U_pro_PDB":"5TEE",
        "U_pro_chain":"A",
        "U_pro_seq_length":"758",
        "U_RNA_PDB":null,
        "U_RNA_chain":null,
        "U_RNA_seq_length":null
    },
    {
        "C_PDB":"5LTA",
        "C_chain_PR":" A:E",
        "Structural_class":"D",
        "Flexible_class":"S",
        "Docking_case":"UB",
        "Binding_affinity":"yes",
        "C_pro_chain":"A",
        "C_pro_seq_length":"714",
        "C_RNA_chain":"E",
        "C_RNA_seq_length":"16",
        "U_pro_PDB":"5D0U",
        "U_pro_chain":"A",
        "U_pro_seq_length":"714",
        "U_RNA_PDB":null,
        "U_RNA_chain":null,
        "U_RNA_seq_length":null
    },
    {
        "C_PDB":"5SZE",
        "C_chain_PR":" A:C",
        "Structural_class":"D",
        "Flexible_class":"R",
        "Docking_case":"UB",
        "Binding_affinity":"yes",
        "C_pro_chain":"A",
        "C_pro_seq_length":"83",
        "C_RNA_chain":"C",
        "C_RNA_seq_length":"6",
        "U_pro_PDB":"5SZD",
        "U_pro_chain":"A",
        "U_pro_seq_length":"83",
        "U_RNA_PDB":null,
        "U_RNA_chain":null,
        "U_RNA_seq_length":null
    },
    {
        "C_PDB":"5V7C",
        "C_chain_PR":" B:C",
        "Structural_class":"D",
        "Flexible_class":"R",
        "Docking_case":"UB",
        "Binding_affinity":"yes",
        "C_pro_chain":"B",
        "C_pro_seq_length":"162",
        "C_RNA_chain":"C",
        "C_RNA_seq_length":"8",
        "U_pro_PDB":"5V87",
        "U_pro_chain":"A",
        "U_pro_seq_length":"162",
        "U_RNA_PDB":null,
        "U_RNA_chain":null,
        "U_RNA_seq_length":null
    },
    {
        "C_PDB":"5W0M",
        "C_chain_PR":" A:H",
        "Structural_class":"D",
        "Flexible_class":"R",
        "Docking_case":"UB",
        "Binding_affinity":"no",
        "C_pro_chain":"A",
        "C_pro_seq_length":"389",
        "C_RNA_chain":"H",
        "C_RNA_seq_length":"5",
        "U_pro_PDB":"5W0B",
        "U_pro_chain":"A",
        "U_pro_seq_length":"389",
        "U_RNA_PDB":null,
        "U_RNA_chain":null,
        "U_RNA_seq_length":null
    },
    {
        "C_PDB":"5WWX",
        "C_chain_PR":" A:C",
        "Structural_class":"D",
        "Flexible_class":"R",
        "Docking_case":"UB",
        "Binding_affinity":"yes",
        "C_pro_chain":"A",
        "C_pro_seq_length":"86",
        "C_RNA_chain":"C",
        "C_RNA_seq_length":"5",
        "U_pro_PDB":"5WWZ",
        "U_pro_chain":"A",
        "U_pro_seq_length":"86",
        "U_RNA_PDB":null,
        "U_RNA_chain":null,
        "U_RNA_seq_length":null
    },
    {
        "C_PDB":"5ZSC",
        "C_chain_PR":" A:C",
        "Structural_class":"D",
        "Flexible_class":"R",
        "Docking_case":"UB",
        "Binding_affinity":"yes",
        "C_pro_chain":"A",
        "C_pro_seq_length":"823",
        "C_RNA_chain":"C",
        "C_RNA_seq_length":"6",
        "U_pro_PDB":"6IF5",
        "U_pro_chain":"A",
        "U_pro_seq_length":"823",
        "U_RNA_PDB":null,
        "U_RNA_chain":null,
        "U_RNA_seq_length":null
    },
    {
        "C_PDB":"6A4E",
        "C_chain_PR":" A:B",
        "Structural_class":"D",
        "Flexible_class":"R",
        "Docking_case":"UB",
        "Binding_affinity":"no",
        "C_pro_chain":"A",
        "C_pro_seq_length":"181",
        "C_RNA_chain":"B",
        "C_RNA_seq_length":"5",
        "U_pro_PDB":"6A4D",
        "U_pro_chain":"A",
        "U_pro_seq_length":"184",
        "U_RNA_PDB":null,
        "U_RNA_chain":null,
        "U_RNA_seq_length":null
    },
    {
        "C_PDB":"6A6J",
        "C_chain_PR":" A:B",
        "Structural_class":"D",
        "Flexible_class":"R",
        "Docking_case":"UB",
        "Binding_affinity":"yes",
        "C_pro_chain":"A",
        "C_pro_seq_length":"93",
        "C_RNA_chain":"B",
        "C_RNA_seq_length":"6",
        "U_pro_PDB":"6LMS",
        "U_pro_chain":"A",
        "U_pro_seq_length":"106",
        "U_RNA_PDB":null,
        "U_RNA_chain":null,
        "U_RNA_seq_length":null
    },
    {
        "C_PDB":"6GC5",
        "C_chain_PR":" A:E",
        "Structural_class":"D",
        "Flexible_class":"R",
        "Docking_case":"UB",
        "Binding_affinity":"yes",
        "C_pro_chain":"A",
        "C_pro_seq_length":"90",
        "C_RNA_chain":"E",
        "C_RNA_seq_length":"11",
        "U_pro_PDB":"6GD1",
        "U_pro_chain":"A",
        "U_pro_seq_length":"206",
        "U_RNA_PDB":null,
        "U_RNA_chain":null,
        "U_RNA_seq_length":null
    },
    {
        "C_PDB":"6HAU",
        "C_chain_PR":"  AB:D",
        "Structural_class":"D",
        "Flexible_class":"R",
        "Docking_case":"UB",
        "Binding_affinity":"no",
        "C_pro_chain":"AB",
        "C_pro_seq_length":"273+273",
        "C_RNA_chain":"D",
        "C_RNA_seq_length":"17",
        "U_pro_PDB":"6HAT",
        "U_pro_chain":"AB",
        "U_pro_seq_length":"273+273",
        "U_RNA_PDB":null,
        "U_RNA_chain":null,
        "U_RNA_seq_length":null
    },
    {
        "C_PDB":"6I0V",
        "C_chain_PR":" A:B",
        "Structural_class":"D",
        "Flexible_class":"R",
        "Docking_case":"UB",
        "Binding_affinity":"no",
        "C_pro_chain":"A",
        "C_pro_seq_length":"384",
        "C_RNA_chain":"B",
        "C_RNA_seq_length":"6",
        "U_pro_PDB":"6I0S",
        "U_pro_chain":"A",
        "U_pro_seq_length":"384",
        "U_RNA_PDB":null,
        "U_RNA_chain":null,
        "U_RNA_seq_length":null
    },
    {
        "C_PDB":"6L1W",
        "C_chain_PR":" A:C",
        "Structural_class":"D",
        "Flexible_class":"S",
        "Docking_case":"UB",
        "Binding_affinity":"yes",
        "C_pro_chain":"A",
        "C_pro_seq_length":"228",
        "C_RNA_chain":"C",
        "C_RNA_seq_length":"7",
        "U_pro_PDB":"3U9G",
        "U_pro_chain":"A",
        "U_pro_seq_length":"229",
        "U_RNA_PDB":null,
        "U_RNA_chain":null,
        "U_RNA_seq_length":null
    },
    {
        "C_PDB":"6LLB",
        "C_chain_PR":" A:C",
        "Structural_class":"D",
        "Flexible_class":"R",
        "Docking_case":"UB",
        "Binding_affinity":"yes",
        "C_pro_chain":"A",
        "C_pro_seq_length":"470",
        "C_RNA_chain":"C",
        "C_RNA_seq_length":"6",
        "U_pro_PDB":"5HAA",
        "U_pro_chain":"A",
        "U_pro_seq_length":"470",
        "U_RNA_PDB":null,
        "U_RNA_chain":null,
        "U_RNA_seq_length":null
    },
    {
        "C_PDB":"6R9P",
        "C_chain_PR":" A:B",
        "Structural_class":"D",
        "Flexible_class":"R",
        "Docking_case":"UB",
        "Binding_affinity":"no",
        "C_pro_chain":"A",
        "C_pro_seq_length":"672",
        "C_RNA_chain":"B",
        "C_RNA_seq_length":"6",
        "U_pro_PDB":"6R9I",
        "U_pro_chain":"A",
        "U_pro_seq_length":"672",
        "U_RNA_PDB":null,
        "U_RNA_chain":null,
        "U_RNA_seq_length":null
    },
    {
        "C_PDB":"6U9X",
        "C_chain_PR":" D:H",
        "Structural_class":"D",
        "Flexible_class":"S",
        "Docking_case":"UB",
        "Binding_affinity":"yes",
        "C_pro_chain":"D",
        "C_pro_seq_length":"363",
        "C_RNA_chain":"H",
        "C_RNA_seq_length":"11",
        "U_pro_PDB":"6NL1",
        "U_pro_chain":"A",
        "U_pro_seq_length":"398",
        "U_RNA_PDB":null,
        "U_RNA_chain":null,
        "U_RNA_seq_length":null
    },
    {
        "C_PDB":"6L5N",
        "C_chain_PR":" A:C",
        "Structural_class":"D",
        "Flexible_class":"R",
        "Docking_case":"UB",
        "Binding_affinity":"yes",
        "C_pro_chain":"A",
        "C_pro_seq_length":"377",
        "C_RNA_chain":"C",
        "C_RNA_seq_length":"15",
        "U_pro_PDB":"6L5M",
        "U_pro_chain":"A",
        "U_pro_seq_length":"377",
        "U_RNA_PDB":null,
        "U_RNA_chain":null,
        "U_RNA_seq_length":null
    },
    {
        "C_PDB":"6LT7",
        "C_chain_PR":"  AB:C",
        "Structural_class":"D",
        "Flexible_class":"S",
        "Docking_case":"UB",
        "Binding_affinity":"yes",
        "C_pro_chain":"AB",
        "C_pro_seq_length":"141+198",
        "C_RNA_chain":"C",
        "C_RNA_seq_length":"50",
        "U_pro_PDB":"6CWX",
        "U_pro_chain":"AB",
        "U_pro_seq_length":"142+201",
        "U_RNA_PDB":null,
        "U_RNA_chain":null,
        "U_RNA_seq_length":null
    },
    {
        "C_PDB":"6U6Y",
        "C_chain_PR":"  AD:EH",
        "Structural_class":"D",
        "Flexible_class":"R",
        "Docking_case":"UB",
        "Binding_affinity":"yes",
        "C_pro_chain":"AD",
        "C_pro_seq_length":"533+533",
        "C_RNA_chain":"EH",
        "C_RNA_seq_length":"5+5",
        "U_pro_PDB":"5AO3",
        "U_pro_chain":"AB",
        "U_pro_seq_length":"538+538",
        "U_RNA_PDB":null,
        "U_RNA_chain":null,
        "U_RNA_seq_length":null
    },
    {
        "C_PDB":"6WXY",
        "C_chain_PR":"  BC:A",
        "Structural_class":"D",
        "Flexible_class":"R",
        "Docking_case":"UB",
        "Binding_affinity":"yes",
        "C_pro_chain":"BC",
        "C_pro_seq_length":"382+382",
        "C_RNA_chain":"A",
        "C_RNA_seq_length":"6",
        "U_pro_PDB":"6WXW",
        "U_pro_chain":"AB",
        "U_pro_seq_length":"382+382",
        "U_RNA_PDB":null,
        "U_RNA_chain":null,
        "U_RNA_seq_length":null
    },
    {
        "C_PDB":"6ZOT",
        "C_chain_PR":"  AB:C",
        "Structural_class":"D",
        "Flexible_class":"R",
        "Docking_case":"UB",
        "Binding_affinity":"no",
        "C_pro_chain":"AB",
        "C_pro_seq_length":"199+199",
        "C_RNA_chain":"C",
        "C_RNA_seq_length":"5",
        "U_pro_PDB":"8BS5",
        "U_pro_chain":"A",
        "U_pro_seq_length":"198",
        "U_RNA_PDB":null,
        "U_RNA_chain":null,
        "U_RNA_seq_length":null
    },
    {
        "C_PDB":"7C45",
        "C_chain_PR":" A:D",
        "Structural_class":"D",
        "Flexible_class":"F",
        "Docking_case":"UB",
        "Binding_affinity":"yes",
        "C_pro_chain":"A",
        "C_pro_seq_length":"302",
        "C_RNA_chain":"D",
        "C_RNA_seq_length":"12",
        "U_pro_PDB":"7C42",
        "U_pro_chain":"A",
        "U_pro_seq_length":"351",
        "U_RNA_PDB":null,
        "U_RNA_chain":null,
        "U_RNA_seq_length":null
    },
    {
        "C_PDB":"7DOL",
        "C_chain_PR":" A:C",
        "Structural_class":"D",
        "Flexible_class":"R",
        "Docking_case":"UB",
        "Binding_affinity":"yes",
        "C_pro_chain":"A",
        "C_pro_seq_length":"747",
        "C_RNA_chain":"C",
        "C_RNA_seq_length":"6",
        "U_pro_PDB":"7DCY",
        "U_pro_chain":"A",
        "U_pro_seq_length":"747",
        "U_RNA_PDB":null,
        "U_RNA_chain":null,
        "U_RNA_seq_length":null
    },
    {
        "C_PDB":"7K5L",
        "C_chain_PR":"A:R",
        "Structural_class":"D",
        "Flexible_class":"R",
        "Docking_case":"UB",
        "Binding_affinity":"no",
        "C_pro_chain":"A",
        "C_pro_seq_length":"172",
        "C_RNA_chain":"R",
        "C_RNA_seq_length":"35",
        "U_pro_PDB":"4LDM",
        "U_pro_chain":"A",
        "U_pro_seq_length":"159",
        "U_RNA_PDB":null,
        "U_RNA_chain":null,
        "U_RNA_seq_length":null
    },
    {
        "C_PDB":"7EIU",
        "C_chain_PR":" A:C",
        "Structural_class":"D",
        "Flexible_class":"R",
        "Docking_case":"UB",
        "Binding_affinity":"yes",
        "C_pro_chain":"A",
        "C_pro_seq_length":"155",
        "C_RNA_chain":"C",
        "C_RNA_seq_length":"6",
        "U_pro_PDB":"7EIO",
        "U_pro_chain":"A",
        "U_pro_seq_length":"154",
        "U_RNA_PDB":null,
        "U_RNA_chain":null,
        "U_RNA_seq_length":null
    },
    {
        "C_PDB":"7KL3",
        "C_chain_PR":" A:B",
        "Structural_class":"D",
        "Flexible_class":"R",
        "Docking_case":"UB",
        "Binding_affinity":"no",
        "C_pro_chain":"A",
        "C_pro_seq_length":"197",
        "C_RNA_chain":"B",
        "C_RNA_seq_length":"6",
        "U_pro_PDB":"5CZN",
        "U_pro_chain":"A",
        "U_pro_seq_length":"197",
        "U_RNA_PDB":null,
        "U_RNA_chain":null,
        "U_RNA_seq_length":null
    },
    {
        "C_PDB":"7L6T",
        "C_chain_PR":" A:C",
        "Structural_class":"D",
        "Flexible_class":"R",
        "Docking_case":"UB",
        "Binding_affinity":"yes",
        "C_pro_chain":"A",
        "C_pro_seq_length":"300",
        "C_RNA_chain":"C",
        "C_RNA_seq_length":"7",
        "U_pro_PDB":"7C2I",
        "U_pro_chain":"A",
        "U_pro_seq_length":"305",
        "U_RNA_PDB":null,
        "U_RNA_chain":null,
        "U_RNA_seq_length":null
    },
    {
        "C_PDB":"7V4G",
        "C_chain_PR":" A:D",
        "Structural_class":"D",
        "Flexible_class":"R",
        "Docking_case":"UB",
        "Binding_affinity":"yes",
        "C_pro_chain":"A",
        "C_pro_seq_length":"220",
        "C_RNA_chain":"D",
        "C_RNA_seq_length":"8",
        "U_pro_PDB":"4O61",
        "U_pro_chain":"A",
        "U_pro_seq_length":"222",
        "U_RNA_PDB":null,
        "U_RNA_chain":null,
        "U_RNA_seq_length":null
    },
    {
        "C_PDB":"7VSJ",
        "C_chain_PR":" A:B",
        "Structural_class":"D",
        "Flexible_class":"R",
        "Docking_case":"UB",
        "Binding_affinity":"no",
        "C_pro_chain":"A",
        "C_pro_seq_length":"162",
        "C_RNA_chain":"B",
        "C_RNA_seq_length":"9",
        "U_pro_PDB":"6FQ1",
        "U_pro_chain":"A",
        "U_pro_seq_length":"170",
        "U_RNA_PDB":null,
        "U_RNA_chain":null,
        "U_RNA_seq_length":null
    },
    {
        "C_PDB":"7VKI",
        "C_chain_PR":" A:B",
        "Structural_class":"D",
        "Flexible_class":"R",
        "Docking_case":"UB",
        "Binding_affinity":"yes",
        "C_pro_chain":"A",
        "C_pro_seq_length":"119",
        "C_RNA_chain":"B",
        "C_RNA_seq_length":"12",
        "U_pro_PDB":"2DHA",
        "U_pro_chain":"A",
        "U_pro_seq_length":"123",
        "U_RNA_PDB":null,
        "U_RNA_chain":null,
        "U_RNA_seq_length":null
    },
    {
        "C_PDB":"7VKL",
        "C_chain_PR":" A:B",
        "Structural_class":"D",
        "Flexible_class":"R",
        "Docking_case":"UB",
        "Binding_affinity":"no",
        "C_pro_chain":"A",
        "C_pro_seq_length":"164",
        "C_RNA_chain":"B",
        "C_RNA_seq_length":"8",
        "U_pro_PDB":"6GQE",
        "U_pro_chain":"A",
        "U_pro_seq_length":"168",
        "U_RNA_PDB":null,
        "U_RNA_chain":null,
        "U_RNA_seq_length":null
    },
    {
        "C_PDB":"7Y7Q",
        "C_chain_PR":"  AB:CED",
        "Structural_class":"D",
        "Flexible_class":"R",
        "Docking_case":"UB",
        "Binding_affinity":"no",
        "C_pro_chain":"AB",
        "C_pro_seq_length":"1026+1026",
        "C_RNA_chain":"CED",
        "C_RNA_seq_length":"14+14+7",
        "U_pro_PDB":"2J7N",
        "U_pro_chain":"AB",
        "U_pro_seq_length":"1022+1022",
        "U_RNA_PDB":null,
        "U_RNA_chain":null,
        "U_RNA_seq_length":null
    },
    {
        "C_PDB":"8DZK",
        "C_chain_PR":"A:F",
        "Structural_class":"D",
        "Flexible_class":"R",
        "Docking_case":"UB",
        "Binding_affinity":"no",
        "C_pro_chain":"A",
        "C_pro_seq_length":"356",
        "C_RNA_chain":"F",
        "C_RNA_seq_length":"5",
        "U_pro_PDB":"5K71",
        "U_pro_chain":"A",
        "U_pro_seq_length":"356",
        "U_RNA_PDB":null,
        "U_RNA_chain":null,
        "U_RNA_seq_length":null
    },
    {
        "C_PDB":"8EDJ",
        "C_chain_PR":" A:R",
        "Structural_class":"D",
        "Flexible_class":"F",
        "Docking_case":"UB",
        "Binding_affinity":"yes",
        "C_pro_chain":"A",
        "C_pro_seq_length":"386",
        "C_RNA_chain":"R",
        "C_RNA_seq_length":"10",
        "U_pro_PDB":"6P3X",
        "U_pro_chain":"A",
        "U_pro_seq_length":"386",
        "U_RNA_PDB":null,
        "U_RNA_chain":null,
        "U_RNA_seq_length":null
    },
    {
        "C_PDB":"8AXF",
        "C_chain_PR":"  ABCD:Q",
        "Structural_class":"D",
        "Flexible_class":"F",
        "Docking_case":"UB",
        "Binding_affinity":"yes",
        "C_pro_chain":"ABCD",
        "C_pro_seq_length":"315+315+315+315",
        "C_RNA_chain":"Q",
        "C_RNA_seq_length":"42",
        "U_pro_PDB":"8AX4",
        "U_pro_chain":"ABCD",
        "U_pro_seq_length":"315",
        "U_RNA_PDB":null,
        "U_RNA_chain":null,
        "U_RNA_seq_length":null
    },
    {
        "C_PDB":"8TG4",
        "C_chain_PR":" A:C",
        "Structural_class":"D",
        "Flexible_class":"R",
        "Docking_case":"UB",
        "Binding_affinity":"no",
        "C_pro_chain":"A",
        "C_pro_seq_length":"206",
        "C_RNA_chain":"C",
        "C_RNA_seq_length":"5",
        "U_pro_PDB":"8TG3",
        "U_pro_chain":"A",
        "U_pro_seq_length":"206",
        "U_RNA_PDB":null,
        "U_RNA_chain":null,
        "U_RNA_seq_length":null
    },
    {
        "C_PDB":"2ZM5",
        "C_chain_PR":" A:C",
        "Structural_class":"A",
        "Flexible_class":null,
        "Docking_case":"BU",
        "Binding_affinity":"no",
        "C_pro_chain":"A",
        "C_pro_seq_length":"316",
        "C_RNA_chain":"C",
        "C_RNA_seq_length":"76",
        "U_pro_PDB":null,
        "U_pro_chain":null,
        "U_pro_seq_length":null,
        "U_RNA_PDB":"3L0U",
        "U_RNA_chain":"A",
        "U_RNA_seq_length":"76"
    },
    {
        "C_PDB":"3ZJT",
        "C_chain_PR":" A:B",
        "Structural_class":"A",
        "Flexible_class":null,
        "Docking_case":"BU",
        "Binding_affinity":"no",
        "C_pro_chain":"A",
        "C_pro_seq_length":"880",
        "C_RNA_chain":"B",
        "C_RNA_seq_length":"88",
        "U_pro_PDB":null,
        "U_pro_chain":null,
        "U_pro_seq_length":null,
        "U_RNA_PDB":"2NQP",
        "U_RNA_chain":"F",
        "U_RNA_seq_length":"87"
    },
    {
        "C_PDB":"6AAX",
        "C_chain_PR":" A:B",
        "Structural_class":"B",
        "Flexible_class":null,
        "Docking_case":"BU",
        "Binding_affinity":"yes",
        "C_pro_chain":"A",
        "C_pro_seq_length":"319",
        "C_RNA_chain":"B",
        "C_RNA_seq_length":"28",
        "U_pro_PDB":null,
        "U_pro_chain":null,
        "U_pro_seq_length":null,
        "U_RNA_PDB":"6AAS",
        "U_RNA_chain":"A",
        "U_RNA_seq_length":"28"
    },
    {
        "C_PDB":"1HQ1",
        "C_chain_PR":" A:B",
        "Structural_class":"C",
        "Flexible_class":null,
        "Docking_case":"BU",
        "Binding_affinity":"yes",
        "C_pro_chain":"A",
        "C_pro_seq_length":"105",
        "C_RNA_chain":"B",
        "C_RNA_seq_length":"49",
        "U_pro_PDB":null,
        "U_pro_chain":null,
        "U_pro_seq_length":null,
        "U_RNA_PDB":"1DUH",
        "U_RNA_chain":"A",
        "U_RNA_seq_length":"45"
    },
    {
        "C_PDB":"1JID",
        "C_chain_PR":" A:B",
        "Structural_class":"C",
        "Flexible_class":null,
        "Docking_case":"BU",
        "Binding_affinity":"no",
        "C_pro_chain":"A",
        "C_pro_seq_length":"128",
        "C_RNA_chain":"B",
        "C_RNA_seq_length":"29",
        "U_pro_PDB":null,
        "U_pro_chain":null,
        "U_pro_seq_length":null,
        "U_RNA_PDB":"1D4R",
        "U_RNA_chain":"A",
        "U_RNA_seq_length":"29"
    },
    {
        "C_PDB":"2PJP",
        "C_chain_PR":" A:B",
        "Structural_class":"C",
        "Flexible_class":null,
        "Docking_case":"BU",
        "Binding_affinity":"yes",
        "C_pro_chain":"A",
        "C_pro_seq_length":"121",
        "C_RNA_chain":"B",
        "C_RNA_seq_length":"23",
        "U_pro_PDB":null,
        "U_pro_chain":null,
        "U_pro_seq_length":null,
        "U_RNA_PDB":"1MFK",
        "U_RNA_chain":"A",
        "U_RNA_seq_length":"23"
    },
    {
        "C_PDB":"3BT7",
        "C_chain_PR":" A:C",
        "Structural_class":"C",
        "Flexible_class":null,
        "Docking_case":"BU",
        "Binding_affinity":"yes",
        "C_pro_chain":"A",
        "C_pro_seq_length":"369",
        "C_RNA_chain":"C",
        "C_RNA_seq_length":"19",
        "U_pro_PDB":null,
        "U_pro_chain":null,
        "U_pro_seq_length":null,
        "U_RNA_PDB":"1EVV",
        "U_RNA_chain":"A",
        "U_RNA_seq_length":"76"
    },
    {
        "C_PDB":"6HTU",
        "C_chain_PR":"  ABC:DF",
        "Structural_class":"C",
        "Flexible_class":null,
        "Docking_case":"BU",
        "Binding_affinity":"yes",
        "C_pro_chain":"ABC",
        "C_pro_seq_length":"182+182+182",
        "C_RNA_chain":"DF",
        "C_RNA_seq_length":"19+19",
        "U_pro_PDB":null,
        "U_pro_chain":null,
        "U_pro_seq_length":null,
        "U_RNA_PDB":"6HU6",
        "U_RNA_chain":"AE",
        "U_RNA_seq_length":"19+19"
    },
    {
        "C_PDB":"1LNG",
        "C_chain_PR":" A:B",
        "Structural_class":"D",
        "Flexible_class":null,
        "Docking_case":"BU",
        "Binding_affinity":"no",
        "C_pro_chain":"A",
        "C_pro_seq_length":"87",
        "C_RNA_chain":"B",
        "C_RNA_seq_length":"97",
        "U_pro_PDB":null,
        "U_pro_chain":null,
        "U_pro_seq_length":null,
        "U_RNA_PDB":"1Z43",
        "U_RNA_chain":"A",
        "U_RNA_seq_length":"101"
    },
    {
        "C_PDB":"2I82",
        "C_chain_PR":" A:E",
        "Structural_class":"D",
        "Flexible_class":null,
        "Docking_case":"BU",
        "Binding_affinity":"no",
        "C_pro_chain":"A",
        "C_pro_seq_length":"217",
        "C_RNA_chain":"E",
        "C_RNA_seq_length":"21",
        "U_pro_PDB":null,
        "U_pro_chain":null,
        "U_pro_seq_length":null,
        "U_RNA_PDB":"3L0U",
        "U_RNA_chain":"A (26-43)",
        "U_RNA_seq_length":"76"
    }
]